dt,x,y,position,velocity,acceleration,jerk,heading
0.010000,0.000002,2.250000,0.000030,0.005970,0.597015,59.701493,0.000001
0.010000,0.000000,2.250000,0.000031,0.000147,-0.582337,-117.935161,0.000000
0.010000,0.000255,2.250000,0.000286,0.025453,2.530635,311.297205,6.283183
0.010000,0.000726,2.250000,0.000758,0.047174,2.172097,-35.853840,6.283179
0.010000,0.001464,2.250000,0.001495,0.073710,2.653550,48.145347,6.283173
0.010000,0.002495,2.250000,0.002527,0.103194,2.948399,29.484828,6.283165
0.010000,0.003822,2.250000,0.003853,0.132678,2.948413,0.001431,6.283154
0.010000,0.005444,2.250000,0.005475,0.162162,2.948431,0.001840,6.283140
0.010000,0.007360,2.250000,0.007391,0.191647,2.948454,0.002248,6.283124
0.010000,0.009572,2.250000,0.009603,0.221131,2.948480,0.002658,6.283106
0.010000,0.012078,2.249999,0.012109,0.250616,2.948511,0.003066,6.283085
0.010000,0.014879,2.249999,0.014910,0.280102,2.948546,0.003475,6.283062
0.010000,0.017975,2.249999,0.018006,0.309588,2.948585,0.003885,6.283036
0.010000,0.021365,2.249998,0.021397,0.339074,2.948628,0.004292,6.283008
0.010000,0.025051,2.249997,0.025082,0.368561,2.948675,0.004703,6.282978
0.010000,0.029032,2.249997,0.029063,0.398048,2.948726,0.005110,6.282945
0.010000,0.033307,2.249995,0.033338,0.427536,2.948781,0.005520,6.282910
0.010000,0.037877,2.249994,0.037908,0.457024,2.948840,0.005929,6.282872
0.010000,0.042742,2.249992,0.042773,0.486513,2.948904,0.006338,6.282832
0.010000,0.047902,2.249990,0.047933,0.516003,2.948971,0.006747,6.282789
0.010000,0.053357,2.249988,0.053388,0.545493,2.949043,0.007157,6.282744
0.010000,0.059107,2.249986,0.059138,0.574985,2.949118,0.007563,6.282697
0.010000,0.065152,2.249982,0.065183,0.604477,2.949198,0.007975,6.282647
0.010000,0.071492,2.249979,0.071523,0.633969,2.949282,0.008384,6.282595
0.010000,0.078126,2.249975,0.078157,0.663463,2.949370,0.008792,6.282540
0.010000,0.085056,2.249970,0.085087,0.692958,2.949462,0.009202,6.282483
0.010000,0.092280,2.249965,0.092311,0.722453,2.949558,0.009612,6.282424
0.010000,0.099800,2.249959,0.099831,0.751950,2.949658,0.010020,6.282363
0.010000,0.107614,2.249952,0.107645,0.781448,2.949762,0.010431,6.282299
0.010000,0.115724,2.249945,0.115755,0.810946,2.949871,0.010839,6.282232
0.010000,0.124128,2.249936,0.124159,0.840446,2.949983,0.011250,6.282164
0.010000,0.132828,2.249927,0.132859,0.869947,2.950100,0.011659,6.282093
0.010000,0.141822,2.249917,0.141853,0.899449,2.950221,0.012068,6.282019
0.010000,0.151112,2.249906,0.151143,0.928953,2.950345,0.012478,6.281944
0.010000,0.160696,2.249894,0.160727,0.958458,2.950474,0.012887,6.281866
0.010000,0.170576,2.249880,0.170607,0.987964,2.950607,0.013298,6.281785
0.010000,0.180751,2.249866,0.180782,1.017471,2.950744,0.013707,6.281703
0.010000,0.191220,2.249850,0.191252,1.046980,2.950886,0.014118,6.281618
0.010000,0.201985,2.249832,0.202016,1.076490,2.951031,0.014526,6.281531
0.010000,0.213045,2.249813,0.213076,1.106002,2.951180,0.014937,6.281442
0.010000,0.224400,2.249793,0.224432,1.135515,2.951334,0.015347,6.281350
0.010000,0.236051,2.249771,0.236082,1.165030,2.951491,0.015758,6.281256
0.010000,0.247996,2.249748,0.248027,1.194547,2.951653,0.016167,6.281160
0.010000,0.260237,2.249722,0.260268,1.224065,2.951819,0.016578,6.281062
0.010000,0.272772,2.249695,0.272804,1.253585,2.951989,0.016988,6.280961
0.010000,0.285604,2.249666,0.285635,1.283106,2.952163,0.017399,6.280859
0.010000,0.298730,2.249634,0.298761,1.312630,2.952341,0.017809,6.280754
0.010000,0.312151,2.249601,0.312183,1.342155,2.952523,0.018220,6.280647
0.010000,0.325868,2.249566,0.325900,1.371682,2.952709,0.018630,6.280538
0.010000,0.339880,2.249528,0.339912,1.401211,2.952900,0.019041,6.280426
0.010000,0.354187,2.249487,0.354219,1.430742,2.953094,0.019453,6.280313
0.010000,0.368790,2.249445,0.368822,1.460275,2.953293,0.019862,6.280197
0.010000,0.383688,2.249399,0.383720,1.489810,2.953495,0.020274,6.280080
0.010000,0.398882,2.249351,0.398913,1.519347,2.953702,0.020684,6.279960
0.010000,0.414370,2.249300,0.414402,1.548886,2.953913,0.021095,6.279838
0.010000,0.430155,2.249246,0.430187,1.578427,2.954128,0.021507,6.279714
0.010000,0.446234,2.249190,0.446266,1.607971,2.954347,0.021917,6.279588
0.010000,0.462609,2.249130,0.462641,1.637517,2.954571,0.022328,6.279460
0.010000,0.479280,2.249066,0.479312,1.667065,2.954798,0.022741,6.279330
0.010000,0.496246,2.249000,0.496278,1.696615,2.955030,0.023151,6.279198
0.010000,0.513507,2.248930,0.513540,1.726168,2.955265,0.023563,6.279064
0.010000,0.531064,2.248856,0.531097,1.755723,2.955505,0.023974,6.278928
0.010000,0.548917,2.248779,0.548950,1.785280,2.955749,0.024386,6.278790
0.010000,0.567065,2.248698,0.567098,1.814840,2.955997,0.024797,6.278650
0.010000,0.585509,2.248613,0.585542,1.844403,2.956249,0.025210,6.278508
0.010000,0.604249,2.248524,0.604282,1.873968,2.956505,0.025620,6.278365
0.010000,0.623284,2.248431,0.623317,1.903535,2.956765,0.026033,6.278219
0.010000,0.642614,2.248334,0.642649,1.933106,2.957030,0.026444,6.278072
0.010000,0.662241,2.248232,0.662275,1.962679,2.957298,0.026857,6.277922
0.010000,0.682163,2.248125,0.682198,1.992254,2.957571,0.027268,6.277771
0.010000,0.702381,2.248014,0.702416,2.021833,2.957848,0.027680,6.277618
0.010000,0.722895,2.247899,0.722930,2.051414,2.958129,0.028093,6.277464
0.010000,0.743705,2.247778,0.743740,2.080998,2.958414,0.028505,6.277307
0.010000,0.764810,2.247652,0.764846,2.110585,2.958703,0.028917,6.277149
0.010000,0.786212,2.247521,0.786248,2.140175,2.958996,0.029329,6.276989
0.010000,0.807909,2.247385,0.807946,2.169768,2.959294,0.029742,6.276827
0.010000,0.829902,2.247243,0.829939,2.199364,2.959595,0.030154,6.276664
0.010000,0.852191,2.247096,0.852229,2.228963,2.959901,0.030566,6.276498
0.010000,0.874776,2.246943,0.874814,2.258565,2.960211,0.030979,6.276332
0.010000,0.897657,2.246785,0.897696,2.288170,2.960525,0.031391,6.276163
0.010000,0.920835,2.246620,0.920874,2.317779,2.960843,0.031805,6.275993
0.010000,0.944308,2.246449,0.944348,2.347390,2.961165,0.032216,6.275822
0.010000,0.968077,2.246272,0.968118,2.377005,2.961491,0.032629,6.275648
0.010000,0.992143,2.246088,0.992184,2.406624,2.961822,0.033042,6.275474
0.010000,1.016505,2.245898,1.016547,2.436245,2.962156,0.033455,6.275297
0.010000,1.041162,2.245702,1.041205,2.465870,2.962495,0.033867,6.275120
0.010000,1.066117,2.245498,1.066160,2.495498,2.962838,0.034280,6.274940
0.010000,1.091367,2.245288,1.091412,2.525130,2.963185,0.034694,6.274760
0.010000,1.116914,2.245070,1.116959,2.554766,2.963536,0.035105,6.274577
0.010000,1.142757,2.244845,1.142803,2.584405,2.963891,0.035519,6.274394
0.010000,1.168896,2.244613,1.168944,2.614047,2.964250,0.035932,6.274209
0.010000,1.195332,2.244373,1.195381,2.643693,2.964614,0.036345,6.274023
0.010000,1.222064,2.244126,1.222114,2.673343,2.964981,0.036757,6.273835
0.010000,1.249093,2.243871,1.249144,2.702997,2.965353,0.037170,6.273646
0.010000,1.276418,2.243607,1.276471,2.732654,2.965729,0.037583,6.273456
0.010000,1.304040,2.243336,1.304094,2.762315,2.966109,0.037997,6.273264
0.010000,1.331959,2.243056,1.332014,2.791980,2.966493,0.038409,6.273071
0.010000,1.360174,2.242768,1.360230,2.821649,2.966881,0.038822,6.272877
0.010000,1.388685,2.242471,1.388743,2.851321,2.967273,0.039236,6.272682
0.010000,1.417494,2.242166,1.417553,2.880998,2.967670,0.039649,6.272486
0.010000,1.446599,2.241852,1.446660,2.910679,2.968070,0.040061,6.272288
0.010000,1.476001,2.241528,1.476064,2.940364,2.968475,0.040475,6.272090
0.010000,1.505699,2.241196,1.505764,2.970052,2.968884,0.040887,6.271890
0.010000,1.535695,2.240854,1.535762,2.999745,2.969297,0.041301,6.271689
0.010000,1.565987,2.240503,1.566056,3.029443,2.969714,0.041713,6.271488
0.010000,1.596577,2.240142,1.596648,3.059144,2.970135,0.042127,6.271285
0.010000,1.627463,2.239771,1.627536,3.088850,2.970561,0.042540,6.271081
0.010000,1.658646,2.239390,1.658722,3.118559,2.970990,0.042953,6.270877
0.010000,1.690126,2.239000,1.690204,3.148274,2.971424,0.043365,6.270671
0.010000,1.721904,2.238599,1.721984,3.177992,2.971862,0.043779,6.270465
0.010000,1.753978,2.238187,1.754061,3.207715,2.972304,0.044191,6.270257
0.010000,1.786350,2.237765,1.786436,3.237443,2.972750,0.044605,6.270049
0.010000,1.819019,2.237333,1.819108,3.267175,2.973200,0.045017,6.269841
0.010000,1.851985,2.236889,1.852077,3.296911,2.973654,0.045430,6.269631
0.010000,1.885248,2.236435,1.885343,3.326652,2.974113,0.045843,6.269420
0.010000,1.918809,2.235969,1.918907,3.356398,2.974575,0.046256,6.269209
0.010000,1.952667,2.235493,1.952769,3.386149,2.975042,0.046668,6.268998
0.010000,1.986823,2.235004,1.986928,3.415904,2.975513,0.047081,6.268785
0.010000,2.021276,2.234505,2.021384,3.445664,2.975988,0.047493,6.268572
0.010000,2.056026,2.233993,2.056139,3.475428,2.976467,0.047906,6.268359
0.010000,2.091074,2.233470,2.091191,3.505198,2.976950,0.048318,6.268145
0.010000,2.126420,2.232934,2.126540,3.534972,2.977437,0.048731,6.267930
0.010000,2.162063,2.232386,2.162188,3.564751,2.977929,0.049144,6.267715
0.010000,2.198004,2.231827,2.198133,3.594536,2.978424,0.049556,6.267499
0.010000,2.234243,2.231254,2.234377,3.624325,2.978924,0.049968,6.267283
0.010000,2.270780,2.230669,2.270918,3.654119,2.979428,0.050381,6.267067
0.010000,2.307614,2.230071,2.307757,3.683919,2.979936,0.050793,6.266850
0.010000,2.344746,2.229461,2.344894,3.713723,2.980448,0.051205,6.266633
0.010000,2.382176,2.228837,2.382329,3.743533,2.980964,0.051617,6.266416
0.010000,2.419904,2.228200,2.420063,3.773348,2.981484,0.052029,6.266199
0.010000,2.457931,2.227550,2.458095,3.803168,2.982009,0.052441,6.265981
0.010000,2.496255,2.226887,2.496425,3.832993,2.982537,0.052853,6.265763
0.010000,2.534877,2.226209,2.535053,3.862824,2.983070,0.053264,6.265545
0.010000,2.573797,2.225518,2.573979,3.892660,2.983607,0.053676,6.265327
0.010000,2.612987,2.224814,2.613175,3.919541,2.688100,-29.550602,6.265109
0.010000,2.652385,2.224098,2.652580,3.940505,2.096460,-59.164006,6.264892
0.010000,2.691934,2.223370,2.692135,3.955552,1.504677,-59.178343,6.264675
0.010000,2.731574,2.222632,2.731782,3.964680,0.912749,-59.192844,6.264459
0.010000,2.771246,2.221885,2.771461,3.967886,0.320674,-59.207456,6.264245
0.010000,2.810920,2.221129,2.811142,3.968132,0.024591,-29.608280,6.264033
0.010000,2.850596,2.220365,2.850826,3.968378,0.024592,0.000058,6.263822
0.010000,2.890275,2.219592,2.890512,3.968624,0.024592,0.000056,6.263613
0.010000,2.929956,2.218811,2.930201,3.968870,0.024593,0.000054,6.263405
0.010000,2.969639,2.218022,2.969892,3.969116,0.024593,0.000051,6.263199
0.010000,3.009325,2.217225,3.009586,3.969362,0.024594,0.000049,6.262995
0.010000,3.049013,2.216419,3.049282,3.969608,0.024594,0.000047,6.262793
0.010000,3.088703,2.215606,3.088980,3.969854,0.024595,0.000045,6.262592
0.010000,3.128395,2.214784,3.128681,3.970100,0.024595,0.000043,6.262392
0.010000,3.168090,2.213955,3.168385,3.970346,0.024596,0.000041,6.262195
0.010000,3.207787,2.213118,3.208091,3.970592,0.024596,0.000040,6.261998
0.010000,3.247487,2.212272,3.247799,3.970838,0.024596,0.000038,6.261804
0.010000,3.287188,2.211420,3.287510,3.971084,0.024597,0.000036,6.261611
0.010000,3.326892,2.210559,3.327223,3.971330,0.024597,0.000034,6.261420
0.010000,3.366599,2.209691,3.366939,3.971576,0.024597,0.000032,6.261231
0.010000,3.406307,2.208815,3.406657,3.971822,0.024598,0.000031,6.261043
0.010000,3.446018,2.207932,3.446378,3.972068,0.024598,0.000029,6.260857
0.010000,3.485731,2.207042,3.486101,3.972314,0.024598,0.000027,6.260672
0.010000,3.525447,2.206144,3.525827,3.972559,0.024599,0.000026,6.260489
0.010000,3.565164,2.205238,3.565555,3.972805,0.024599,0.000024,6.260308
0.010000,3.604884,2.204326,3.605285,3.973051,0.024599,0.000023,6.260128
0.010000,3.644607,2.203406,3.645018,3.973297,0.024599,0.000021,6.259950
0.010000,3.684331,2.202480,3.684754,3.973543,0.024599,0.000020,6.259774
0.010000,3.724058,2.201546,3.724492,3.973789,0.024600,0.000018,6.259599
0.010000,3.763788,2.200605,3.764232,3.974035,0.024600,0.000017,6.259426
0.010000,3.803519,2.199658,3.803975,3.974281,0.024600,0.000016,6.259254
0.010000,3.843253,2.198703,3.843720,3.974527,0.024600,0.000014,6.259085
0.010000,3.882989,2.197742,3.883468,3.974773,0.024600,0.000013,6.258916
0.010000,3.922727,2.196774,3.923218,3.975019,0.024600,0.000012,6.258750
0.010000,3.962468,2.195800,3.962971,3.975265,0.024600,0.000011,6.258585
0.010000,4.002211,2.194819,4.002726,3.975511,0.024601,0.000009,6.258422
0.010000,4.041956,2.193831,4.042483,3.975757,0.024601,0.000008,6.258260
0.010000,4.081704,2.192837,4.082243,3.976003,0.024601,0.000007,6.258100
0.010000,4.121454,2.191836,4.122006,3.976249,0.024601,0.000006,6.257942
0.010000,4.161206,2.190829,4.161771,3.976495,0.024601,0.000005,6.257785
0.010000,4.200961,2.189816,4.201538,3.976742,0.024601,0.000004,6.257630
0.010000,4.240717,2.188797,4.241308,3.976988,0.024601,0.000003,6.257477
0.010000,4.280477,2.187772,4.281080,3.977234,0.024601,0.000002,6.257325
0.010000,4.320238,2.186740,4.320855,3.977480,0.024601,0.000001,6.257175
0.010000,4.360002,2.185703,4.360632,3.977726,0.024601,0.000000,6.257026
0.010000,4.399768,2.184659,4.400412,3.977972,0.024601,-0.000001,6.256879
0.010000,4.439536,2.183610,4.440194,3.978218,0.024601,-0.000002,6.256734
0.010000,4.479307,2.182555,4.479979,3.978464,0.024601,-0.000002,6.256591
0.010000,4.519080,2.181494,4.519766,3.978710,0.024601,-0.000003,6.256449
0.010000,4.558855,2.180428,4.559556,3.978956,0.024601,-0.000004,6.256308
0.010000,4.598633,2.179355,4.599348,3.979202,0.024601,-0.000005,6.256170
0.010000,4.638412,2.178278,4.639142,3.979448,0.024601,-0.000005,6.256033
0.010000,4.678195,2.177195,4.678939,3.979694,0.024601,-0.000006,6.255897
0.010000,4.717979,2.176106,4.718738,3.979940,0.024601,-0.000007,6.255764
0.010000,4.757766,2.175012,4.758540,3.980186,0.024601,-0.000007,6.255631
0.010000,4.797555,2.173913,4.798345,3.980432,0.024600,-0.000008,6.255501
0.010000,4.837346,2.172808,4.838151,3.980678,0.024600,-0.000008,6.255372
0.010000,4.877140,2.171699,4.877961,3.980924,0.024600,-0.000009,6.255245
0.010000,4.916936,2.170584,4.917772,3.981170,0.024600,-0.000010,6.255119
0.010000,4.956735,2.169464,4.957586,3.981416,0.024600,-0.000010,6.254996
0.010000,4.996535,2.168340,4.997403,3.981662,0.024600,-0.000011,6.254873
0.010000,5.036339,2.167210,5.037222,3.981908,0.024600,-0.000011,6.254753
0.010000,5.076144,2.166076,5.077044,3.982154,0.024600,-0.000011,6.254634
0.010000,5.115952,2.164936,5.116868,3.982400,0.024600,-0.000012,6.254516
0.010000,5.155762,2.163792,5.156694,3.982646,0.024599,-0.000012,6.254401
0.010000,5.195574,2.162644,5.196523,3.982892,0.024599,-0.000013,6.254287
0.010000,5.235389,2.161491,5.236354,3.983138,0.024599,-0.000013,6.254174
0.010000,5.275206,2.160333,5.276188,3.983384,0.024599,-0.000013,6.254063
0.010000,5.315025,2.159171,5.316025,3.983630,0.024599,-0.000013,6.253954
0.010000,5.354847,2.158004,5.355863,3.983876,0.024599,-0.000014,6.253847
0.010000,5.394671,2.156834,5.395705,3.984122,0.024599,-0.000014,6.253741
0.010000,5.434497,2.155659,5.435548,3.984368,0.024599,-0.000014,6.253637
0.010000,5.474326,2.154479,5.475394,3.984614,0.024598,-0.000014,6.253534
0.010000,5.514157,2.153296,5.515243,3.984860,0.024598,-0.000015,6.253433
0.010000,5.553990,2.152108,5.555094,3.985105,0.024598,-0.000015,6.253334
0.010000,5.593826,2.150917,5.594948,3.985351,0.024598,-0.000015,6.253236
0.010000,5.633664,2.149722,5.634804,3.985597,0.024598,-0.000015,6.253140
0.010000,5.673504,2.148522,5.674662,3.985843,0.024598,-0.000015,6.253046
0.010000,5.713347,2.147319,5.714523,3.986089,0.024598,-0.000015,6.252953
0.010000,5.753192,2.146112,5.754386,3.986335,0.024597,-0.000015,6.252862
0.010000,5.793039,2.144902,5.794252,3.986581,0.024597,-0.000015,6.252773
0.010000,5.832889,2.143688,5.834120,3.986827,0.024597,-0.000015,6.252685
0.010000,5.872741,2.142470,5.873991,3.987073,0.024597,-0.000016,6.252599
0.010000,5.912596,2.141249,5.913864,3.987319,0.024597,-0.000016,6.252514
0.010000,5.952453,2.140025,5.953740,3.987565,0.024597,-0.000015,6.252431
0.010000,5.992312,2.138797,5.993618,3.987811,0.024596,-0.000015,6.252350
0.010000,6.032174,2.137566,6.033499,3.988057,0.024596,-0.000015,6.252270
0.010000,6.072037,2.136331,6.073382,3.988303,0.024596,-0.000015,6.252192
0.010000,6.111904,2.135094,6.113267,3.988549,0.024596,-0.000015,6.252116
0.010000,6.151772,2.133853,6.153155,3.988795,0.024596,-0.000015,6.252041
0.010000,6.191643,2.132610,6.193045,3.989041,0.024596,-0.000015,6.251968
0.010000,6.231517,2.131363,6.232938,3.989287,0.024596,-0.000015,6.251897
0.010000,6.271393,2.130114,6.272834,3.989533,0.024595,-0.000015,6.251827
0.010000,6.311271,2.128861,6.312731,3.989779,0.024595,-0.000015,6.251759
0.010000,6.351151,2.127606,6.352632,3.990025,0.024595,-0.000015,6.251692
0.010000,6.391034,2.126349,6.392534,3.990271,0.024595,-0.000014,6.251627
0.010000,6.430919,2.125088,6.432440,3.990517,0.024595,-0.000014,6.251564
0.010000,6.470807,2.123825,6.472347,3.990763,0.024595,-0.000014,6.251503
0.010000,6.510697,2.122560,6.512257,3.991009,0.024595,-0.000014,6.251443
0.010000,6.550589,2.121292,6.552170,3.991255,0.024594,-0.000014,6.251384
0.010000,6.590484,2.120022,6.592085,3.991500,0.024594,-0.000013,6.251328
0.010000,6.630381,2.118749,6.632002,3.991746,0.024594,-0.000013,6.251273
0.010000,6.670281,2.117474,6.671922,3.991992,0.024594,-0.000013,6.251219
0.010000,6.710183,2.116197,6.711845,3.992238,0.024594,-0.000013,6.251168
0.010000,6.750087,2.114918,6.751769,3.992484,0.024594,-0.000012,6.251118
0.010000,6.789994,2.113637,6.791697,3.992730,0.024594,-0.000012,6.251069
0.010000,6.829903,2.112354,6.831626,3.992976,0.024593,-0.000012,6.251022
0.010000,6.869815,2.111069,6.871559,3.993222,0.024593,-0.000011,6.250977
0.010000,6.909729,2.109782,6.911493,3.993468,0.024593,-0.000011,6.250933
0.010000,6.949645,2.108493,6.951431,3.993714,0.024593,-0.000011,6.250892
0.010000,6.989564,2.107203,6.991370,3.993960,0.024593,-0.000010,6.250851
0.010000,7.029485,2.105911,7.031312,3.994206,0.024593,-0.000010,6.250813
0.010000,7.069408,2.104617,7.071257,3.994452,0.024593,-0.000010,6.250776
0.010000,7.109334,2.103322,7.111204,3.994698,0.024593,-0.000009,6.250740
0.010000,7.149263,2.102026,7.151153,3.994944,0.024593,-0.000009,6.250707
0.010000,7.189194,2.100728,7.191105,3.995189,0.024593,-0.000009,6.250675
0.010000,7.229127,2.099428,7.231059,3.995435,0.024593,-0.000008,6.250644
0.010000,7.269062,2.098128,7.271016,3.995681,0.024592,-0.000008,6.250615
0.010000,7.309000,2.096826,7.310975,3.995927,0.024592,-0.000007,6.250588
0.010000,7.348941,2.095523,7.350937,3.996173,0.024592,-0.000007,6.250563
0.010000,7.388884,2.094219,7.390901,3.996419,0.024592,-0.000007,6.250539
0.010000,7.428829,2.092914,7.430868,3.996665,0.024592,-0.000006,6.250517
0.010000,7.468777,2.091608,7.470837,3.996911,0.024592,-0.000006,6.250496
0.010000,7.508727,2.090301,7.510809,3.997157,0.024592,-0.000005,6.250477
0.010000,7.548680,2.088994,7.550783,3.997403,0.024592,-0.000005,6.250460
0.010000,7.588635,2.087685,7.590759,3.997649,0.024592,-0.000005,6.250444
0.010000,7.628592,2.086376,7.630738,3.997895,0.024592,-0.000004,6.250430
0.010000,7.668552,2.085067,7.670720,3.998141,0.024592,-0.000004,6.250418
0.010000,7.708515,2.083757,7.710703,3.998386,0.024592,-0.000003,6.250407
0.010000,7.748480,2.082446,7.750690,3.998632,0.024592,-0.000003,6.250398
0.010000,7.788447,2.081135,7.790679,3.998878,0.024592,-0.000002,6.250390
0.010000,7.828417,2.079823,7.830670,3.999124,0.024592,-0.000002,6.250384
0.010000,7.868389,2.078512,7.870663,3.999370,0.024592,-0.000002,6.250380
0.010000,7.908363,2.077200,7.910660,3.999616,0.024592,-0.000001,6.250378
0.010000,7.948340,2.075888,7.950658,3.999862,0.024592,-0.000001,6.250377
0.010000,7.988320,2.074576,7.990659,4.000108,0.024592,-0.000000,6.250377
0.010000,8.028302,2.073264,8.030663,4.000354,0.024592,0.000000,6.250380
0.010000,8.068287,2.071951,8.070669,4.000600,0.024592,0.000001,6.250384
0.010000,8.108273,2.070639,8.110677,4.000846,0.024592,0.000001,6.250389
0.010000,8.148263,2.069328,8.150688,4.001092,0.024592,0.000001,6.250397
0.010000,8.188255,2.068016,8.190702,4.001337,0.024592,0.000002,6.250406
0.010000,8.228249,2.066705,8.230717,4.001583,0.024592,0.000002,6.250416
0.010000,8.268246,2.065394,8.270736,4.001829,0.024592,0.000003,6.250428
0.010000,8.308245,2.064083,8.310756,4.002075,0.024592,0.000003,6.250442
0.010000,8.348247,2.062773,8.350780,4.002321,0.024592,0.000004,6.250458
0.010000,8.388251,2.061464,8.390805,4.002567,0.024592,0.000004,6.250475
0.010000,8.428258,2.060155,8.430833,4.002813,0.024592,0.000005,6.250494
0.010000,8.468267,2.058847,8.470864,4.003059,0.024592,0.000005,6.250514
0.010000,8.508279,2.057540,8.510897,4.003305,0.024592,0.000005,6.250536
0.010000,8.548293,2.056234,8.550933,4.003551,0.024592,0.000006,6.250560
0.010000,8.588310,2.054928,8.590971,4.003797,0.024592,0.000006,6.250585
0.010000,8.628329,2.053624,8.631011,4.004043,0.024592,0.000007,6.250612
0.010000,8.668351,2.052320,8.671054,4.004288,0.024592,0.000007,6.250641
0.010000,8.708375,2.051018,8.711099,4.004534,0.024592,0.000007,6.250671
0.010000,8.748401,2.049716,8.751147,4.004780,0.024592,0.000008,6.250703
0.010000,8.788431,2.048416,8.791197,4.005026,0.024593,0.000008,6.250736
0.010000,8.828462,2.047118,8.831250,4.005272,0.024593,0.000009,6.250771
0.010000,8.868496,2.045820,8.871305,4.005518,0.024593,0.000009,6.250808
0.010000,8.908533,2.044524,8.911363,4.005764,0.024593,0.000009,6.250846
0.010000,8.948572,2.043230,8.951423,4.006010,0.024593,0.000010,6.250887
0.010000,8.988614,2.041937,8.991486,4.006256,0.024593,0.000010,6.250928
0.010000,9.028658,2.040645,9.031551,4.006502,0.024593,0.000010,6.250972
0.010000,9.068705,2.039356,9.071618,4.006748,0.024593,0.000011,6.251017
0.010000,9.108754,2.038068,9.111688,4.006994,0.024593,0.000011,6.251063
0.010000,9.148806,2.036782,9.151760,4.007240,0.024593,0.000011,6.251111
0.010000,9.188860,2.035498,9.191835,4.007486,0.024594,0.000012,6.251161
0.010000,9.228917,2.034216,9.231913,4.007732,0.024594,0.000012,6.251213
0.010000,9.268976,2.032935,9.271992,4.007977,0.024594,0.000012,6.251266
0.010000,9.309038,2.031657,9.312075,4.008223,0.024594,0.000012,6.251321
0.010000,9.349102,2.030381,9.352159,4.008469,0.024594,0.000013,6.251377
0.010000,9.389169,2.029108,9.392246,4.008715,0.024594,0.000013,6.251435
0.010000,9.429239,2.027836,9.432336,4.008961,0.024594,0.000013,6.251495
0.010000,9.469311,2.026567,9.472428,4.009207,0.024594,0.000013,6.251557
0.010000,9.509385,2.025301,9.512523,4.009453,0.024595,0.000014,6.251620
0.010000,9.549462,2.024036,9.552620,4.009699,0.024595,0.000014,6.251684
0.010000,9.589542,2.022775,9.592719,4.009945,0.024595,0.000014,6.251751
0.010000,9.629624,2.021516,9.632821,4.010191,0.024595,0.000014,6.251819
0.010000,9.669709,2.020259,9.672925,4.010437,0.024595,0.000015,6.251888
0.010000,9.709796,2.019006,9.713032,4.010683,0.024595,0.000015,6.251959
0.010000,9.749886,2.017755,9.753141,4.010929,0.024595,0.000015,6.252032
0.010000,9.789978,2.016507,9.793253,4.011175,0.024596,0.000015,6.252107
0.010000,9.830073,2.015262,9.833367,4.011421,0.024596,0.000015,6.252183
0.010000,9.870170,2.014020,9.873484,4.011667,0.024596,0.000015,6.252261
0.010000,9.910270,2.012781,9.913603,4.011913,0.024596,0.000015,6.252340
0.010000,9.950373,2.011545,9.953725,4.012159,0.024596,0.000015,6.252421
0.010000,9.990478,2.010313,9.993849,4.012405,0.024596,0.000015,6.252504
0.010000,10.030586,2.009084,10.033975,4.012651,0.024597,0.000015,6.252588
0.010000,10.070696,2.007858,10.074104,4.012897,0.024597,0.000015,6.252674
0.010000,10.110809,2.006635,10.114236,4.013142,0.024597,0.000016,6.252762
0.010000,10.150924,2.005416,10.154370,4.013388,0.024597,0.000015,6.252851
0.010000,10.191042,2.004201,10.194506,4.013634,0.024597,0.000015,6.252942
0.010000,10.231163,2.002989,10.234645,4.013880,0.024597,0.000015,6.253034
0.010000,10.271286,2.001781,10.274786,4.014126,0.024597,0.000015,6.253129
0.010000,10.311411,2.000576,10.314930,4.014372,0.024598,0.000015,6.253224
0.010000,10.351540,1.999375,10.355076,4.014618,0.024598,0.000015,6.253322
0.010000,10.391670,1.998179,10.395225,4.014864,0.024598,0.000015,6.253421
0.010000,10.431804,1.996986,10.435376,4.015110,0.024598,0.000015,6.253522
0.010000,10.471940,1.995797,10.475529,4.015356,0.024598,0.000015,6.253624
0.010000,10.512078,1.994612,10.515685,4.015602,0.024598,0.000015,6.253728
0.010000,10.552219,1.993431,10.555844,4.015848,0.024599,0.000014,6.253834
0.010000,10.592363,1.992255,10.596005,4.016094,0.024599,0.000014,6.253941
0.010000,10.632509,1.991083,10.636168,4.016340,0.024599,0.000014,6.254050
0.010000,10.672658,1.989915,10.676334,4.016586,0.024599,0.000014,6.254161
0.010000,10.712810,1.988751,10.716502,4.016832,0.024599,0.000014,6.254273
0.010000,10.752964,1.987592,10.756673,4.017078,0.024599,0.000013,6.254387
0.010000,10.793120,1.986438,10.796846,4.017324,0.024599,0.000013,6.254502
0.010000,10.833280,1.985288,10.837022,4.017570,0.024599,0.000013,6.254619
0.010000,10.873441,1.984143,10.877200,4.017816,0.024600,0.000012,6.254738
0.010000,10.913606,1.983002,10.917381,4.018062,0.024600,0.000012,6.254858
0.010000,10.953773,1.981867,10.957564,4.018308,0.024600,0.000011,6.254980
0.010000,10.993943,1.980736,10.997749,4.018554,0.024600,0.000011,6.255104
0.010000,11.034115,1.979610,11.037937,4.018800,0.024600,0.000011,6.255229
0.010000,11.074290,1.978489,11.078128,4.019046,0.024600,0.000010,6.255356
0.010000,11.114467,1.977373,11.118321,4.019292,0.024600,0.000010,6.255485
0.010000,11.154647,1.976263,11.158516,4.019538,0.024600,0.000009,6.255615
0.010000,11.194830,1.975157,11.198714,4.019784,0.024600,0.000009,6.255747
0.010000,11.235015,1.974057,11.238914,4.020030,0.024600,0.000008,6.255881
0.010000,11.275203,1.972962,11.279117,4.020276,0.024601,0.000007,6.256016
0.010000,11.315393,1.971873,11.319322,4.020522,0.024601,0.000007,6.256153
0.010000,11.355586,1.970789,11.359530,4.020768,0.024601,0.000006,6.256291
0.010000,11.395782,1.969710,11.399740,4.021014,0.024601,0.000005,6.256431
0.010000,11.435980,1.968637,11.439953,4.021260,0.024601,0.000005,6.256573
0.010000,11.476181,1.967570,11.480168,4.021506,0.024601,0.000004,6.256716
0.010000,11.516385,1.966509,11.520385,4.021752,0.024601,0.000003,6.256861
0.010000,11.556591,1.965453,11.560605,4.021998,0.024601,0.000002,6.257008
0.010000,11.596800,1.964403,11.600828,4.022244,0.024601,0.000002,6.257156
0.010000,11.637011,1.963359,11.641053,4.022490,0.024601,0.000001,6.257306
0.010000,11.677225,1.962321,11.681280,4.022736,0.024601,-0.000000,6.257458
0.010000,11.717442,1.961290,11.721510,4.022982,0.024601,-0.000001,6.257611
0.010000,11.757661,1.960264,11.761742,4.023228,0.024601,-0.000002,6.257766
0.010000,11.797883,1.959244,11.801977,4.023474,0.024601,-0.000003,6.257922
0.010000,11.838107,1.958231,11.842214,4.023720,0.024601,-0.000004,6.258081
0.010000,11.878334,1.957224,11.882454,4.023966,0.024601,-0.000005,6.258240
0.010000,11.918564,1.956224,11.922696,4.024212,0.024601,-0.000006,6.258402
0.010000,11.958796,1.955230,11.962940,4.024458,0.024601,-0.000007,6.258565
0.010000,11.999031,1.954242,12.003187,4.024704,0.024601,-0.000008,6.258730
0.010000,12.039269,1.953261,12.043437,4.024950,0.024600,-0.000009,6.258896
0.010000,12.079509,1.952287,12.083689,4.025196,0.024600,-0.000010,6.259064
0.010000,12.119751,1.951320,12.123943,4.025442,0.024600,-0.000012,6.259233
0.010000,12.159997,1.950359,12.164200,4.025688,0.024600,-0.000013,6.259405
0.010000,12.200245,1.949405,12.204460,4.025934,0.024600,-0.000014,6.259578
0.010000,12.240496,1.948458,12.244721,4.026180,0.024600,-0.000016,6.259752
0.010000,12.280749,1.947518,12.284986,4.026426,0.024600,-0.000017,6.259928
0.010000,12.321005,1.946585,12.325252,4.026672,0.024599,-0.000018,6.260106
0.010000,12.361263,1.945660,12.365522,4.026918,0.024599,-0.000020,6.260286
0.010000,12.401525,1.944741,12.405793,4.027164,0.024599,-0.000021,6.260467
0.010000,12.441788,1.943830,12.446067,4.027410,0.024599,-0.000023,6.260649
0.010000,12.482055,1.942926,12.486344,4.027656,0.024599,-0.000024,6.260834
0.010000,12.522324,1.942030,12.526623,4.027902,0.024598,-0.000026,6.261020
0.010000,12.562595,1.941141,12.566904,4.028148,0.024598,-0.000027,6.261207
0.010000,12.602870,1.940259,12.607188,4.028394,0.024598,-0.000029,6.261397
0.010000,12.643147,1.939385,12.647475,4.028640,0.024597,-0.000030,6.261588
0.010000,12.683426,1.938519,12.687764,4.028886,0.024597,-0.000032,6.261780
0.010000,12.723708,1.937661,12.728055,4.029132,0.024597,-0.000034,6.261974
0.010000,12.763993,1.936810,12.768349,4.029378,0.024596,-0.000036,6.262170
0.010000,12.804281,1.935967,12.808645,4.029624,0.024596,-0.000037,6.262368
0.010000,12.844571,1.935132,12.848944,4.029870,0.024596,-0.000039,6.262567
0.010000,12.884863,1.934306,12.889245,4.030116,0.024595,-0.000041,6.262768
0.010000,12.925159,1.933487,12.929548,4.030362,0.024595,-0.000043,6.262970
0.010000,12.965457,1.932676,12.969854,4.030608,0.024594,-0.000045,6.263174
0.010000,13.005757,1.931874,13.010163,4.030854,0.024594,-0.000047,6.263380
0.010000,13.046060,1.931080,13.050474,4.031100,0.024593,-0.000049,6.263587
0.010000,13.086366,1.930294,13.090787,4.031346,0.024593,-0.000051,6.263796
0.010000,13.126675,1.929516,13.131103,4.031592,0.024592,-0.000053,6.264007
0.010000,13.166986,1.928747,13.171422,4.031837,0.024592,-0.000055,6.264219
0.010000,13.207299,1.927987,13.211743,4.032083,0.024591,-0.000058,6.264433
0.010000,13.247616,1.927235,13.252066,4.032329,0.024591,-0.000060,6.264648
0.010000,13.287934,1.926492,13.292392,4.032575,0.024590,-0.000062,6.264866
0.010000,13.328256,1.925758,13.332720,4.032821,0.024589,-0.000064,6.265084
0.010000,13.368580,1.925032,13.373050,4.033067,0.024589,-0.000067,6.265305
0.010000,13.408907,1.924316,13.413384,4.033313,0.024588,-0.000069,6.265527
0.010000,13.449236,1.923608,13.453719,4.033559,0.024587,-0.000072,6.265751
0.010000,13.489568,1.922909,13.494057,4.033805,0.024587,-0.000074,6.265976
0.010000,13.529903,1.922220,13.534398,4.034050,0.024586,-0.000077,6.266203
0.010000,13.570240,1.921539,13.574741,4.034296,0.024585,-0.000079,6.266432
0.010000,13.610580,1.920868,13.615086,4.034542,0.024584,-0.000082,6.266662
0.010000,13.650922,1.920206,13.655434,4.034788,0.024583,-0.000085,6.266894
0.010000,13.691267,1.919553,13.695784,4.035034,0.024582,-0.000087,6.267127
0.010000,13.731615,1.918910,13.736137,4.035280,0.024582,-0.000090,6.267363
0.010000,13.771965,1.918276,13.776492,4.035525,0.024581,-0.000093,6.267600
0.010000,13.812318,1.917652,13.816850,4.035771,0.024580,-0.000096,6.267838
0.010000,13.852674,1.917038,13.857210,4.036017,0.024579,-0.000099,6.268078
0.010000,13.893032,1.916433,13.897573,4.036263,0.024578,-0.000102,6.268320
0.010000,13.933393,1.915838,13.937938,4.036509,0.024577,-0.000105,6.268563
0.010000,13.973756,1.915252,13.978306,4.036754,0.024576,-0.000108,6.268808
0.010000,14.014122,1.914677,14.018676,4.037000,0.024574,-0.000111,6.269055
0.010000,14.054490,1.914111,14.059048,4.037246,0.024573,-0.000114,6.269303
0.010000,14.094861,1.913556,14.099423,4.037492,0.024572,-0.000117,6.269553
0.010000,14.135235,1.913011,14.139800,4.037737,0.024571,-0.000120,6.269805
0.010000,14.175611,1.912475,14.180180,4.037983,0.024570,-0.000123,6.270058
0.010000,14.215990,1.911951,14.220562,4.038229,0.024568,-0.000127,6.270313
0.010000,14.256372,1.911436,14.260947,4.038474,0.024567,-0.000130,6.270569
0.010000,14.296756,1.910932,14.301334,4.038720,0.024566,-0.000133,6.270827
0.010000,14.337142,1.910438,14.341724,4.038966,0.024564,-0.000137,6.271087
0.010000,14.377532,1.909954,14.382116,4.039211,0.024563,-0.000140,6.271349
0.010000,14.417923,1.909481,14.422511,4.039457,0.024562,-0.000144,6.271612
0.010000,14.458318,1.909019,14.462908,4.039702,0.024560,-0.000148,6.271876
0.010000,14.498715,1.908568,14.503307,4.039948,0.024559,-0.000151,6.272143
0.010000,14.539114,1.908127,14.543709,4.040194,0.024557,-0.000155,6.272411
0.010000,14.579516,1.907697,14.584114,4.040439,0.024555,-0.000159,6.272680
0.010000,14.619921,1.907278,14.624520,4.040685,0.024554,-0.000163,6.272951
0.010000,14.660328,1.906870,14.664930,4.040930,0.024552,-0.000166,6.273224
0.010000,14.700738,1.906473,14.705341,4.041176,0.024550,-0.000170,6.273499
0.010000,14.741150,1.906087,14.745756,4.041421,0.024549,-0.000174,6.273775
0.010000,14.781565,1.905713,14.786172,4.041667,0.024547,-0.000178,6.274053
0.010000,14.821983,1.905349,14.826591,4.041912,0.024545,-0.000182,6.274332
0.010000,14.862403,1.904997,14.867013,4.042158,0.024543,-0.000187,6.274613
0.010000,14.902825,1.904656,14.907437,4.042403,0.024541,-0.000191,6.274896
0.010000,14.943251,1.904327,14.947864,4.042648,0.024539,-0.000195,6.275180
0.010000,14.983678,1.904009,14.988292,4.042894,0.024537,-0.000199,6.275466
0.010000,15.024109,1.903703,15.028724,4.043139,0.024535,-0.000204,6.275754
0.010000,15.064541,1.903408,15.069158,4.043384,0.024533,-0.000208,6.276043
0.010000,15.104977,1.903125,15.109594,4.043630,0.024531,-0.000213,6.276334
0.010000,15.145414,1.902854,15.150033,4.043875,0.024529,-0.000217,6.276626
0.010000,15.185855,1.902595,15.190474,4.044120,0.024527,-0.000222,6.276921
0.010000,15.226298,1.902347,15.230918,4.044366,0.024525,-0.000226,6.277216
0.010000,15.266743,1.902112,15.271364,4.044611,0.024522,-0.000231,6.277514
0.010000,15.307191,1.901888,15.311812,4.044856,0.024520,-0.000236,6.277813
0.010000,15.347642,1.901677,15.352263,4.045101,0.024517,-0.000240,6.278113
0.010000,15.388094,1.901478,15.392717,4.045346,0.024515,-0.000246,6.278416
0.010000,15.428550,1.901291,15.433173,4.045591,0.024512,-0.000250,6.278720
0.010000,15.469008,1.901117,15.473631,4.045837,0.024510,-0.000255,6.279025
0.010000,15.509468,1.900955,15.514092,4.046082,0.024507,-0.000260,6.279332
0.010000,15.549931,1.900805,15.554555,4.046327,0.024505,-0.000265,6.279641
0.010000,15.590397,1.900668,15.595021,4.046572,0.024502,-0.000270,6.279952
0.010000,15.630865,1.900543,15.635489,4.046817,0.024499,-0.000276,6.280264
0.010000,15.671335,1.900431,15.675960,4.047062,0.024496,-0.000281,6.280578
0.010000,15.711808,1.900332,15.716433,4.047307,0.024494,-0.000286,6.280893
0.010000,15.752284,1.900246,15.756908,4.047551,0.024491,-0.000291,6.281210
0.010000,15.792762,1.900172,15.797386,4.047796,0.024488,-0.000297,6.281529
0.010000,15.833242,1.900112,15.837867,4.048041,0.024485,-0.000302,6.281849
0.010000,15.873725,1.900064,15.878349,4.048286,0.024482,-0.000308,6.282171
0.010000,15.914210,1.900030,15.918835,4.048531,0.024478,-0.000314,6.282494
0.010000,15.954698,1.900008,15.959322,4.048776,0.024475,-0.000319,6.282820
0.010000,15.995188,1.900000,15.999813,4.049020,0.024472,-0.000325,6.283146
0.010000,16.041415,1.900087,16.046039,4.622668,57.364766,5734.029412,0.004193
0.010000,16.088697,1.900399,16.093322,4.728307,10.563868,-4680.089811,0.009048
0.010000,16.136108,1.900945,16.140737,4.741483,1.317653,-924.621487,0.013992
0.010000,16.183652,1.901730,16.188287,4.754989,1.350609,3.295545,0.019025
0.010000,16.231329,1.902759,16.235975,4.768834,1.384466,3.385778,0.024151
0.010000,16.279142,1.904039,16.283806,4.783026,1.419253,3.478691,0.029371
0.010000,16.327093,1.905575,16.331782,4.797576,1.454985,3.573199,0.034688
0.010000,16.375185,1.907373,16.379906,4.812493,1.491672,3.668685,0.040105
0.010000,16.423418,1.909442,16.428184,4.827786,1.529348,3.767580,0.045623
0.010000,16.471796,1.911787,16.476619,4.843466,1.568005,3.865723,0.051246
0.010000,16.520320,1.914414,16.525214,4.859543,1.607663,3.965783,0.056977
0.010000,16.568993,1.917333,16.573975,4.876027,1.648344,4.068155,0.062817
0.010000,16.617817,1.920549,16.622904,4.892927,1.690042,4.169701,0.068770
0.010000,16.666793,1.924072,16.672006,4.910255,1.732771,4.272939,0.074838
0.010000,16.715923,1.927908,16.721287,4.928020,1.776542,4.377102,0.081025
0.010000,16.765211,1.932066,16.770749,4.946233,1.821329,4.478728,0.087333
0.010000,16.814656,1.936556,16.820398,4.964905,1.867164,4.583516,0.093766
0.010000,16.864262,1.941384,16.870239,4.984045,1.914010,4.684519,0.100326
0.010000,16.914030,1.946562,16.920275,5.003664,1.961881,4.787161,0.107018
0.010000,16.963962,1.952098,16.970513,5.023771,2.010731,4.884981,0.113843
0.010000,17.014059,1.958002,17.020957,5.044377,2.060568,4.983726,0.120805
0.010000,17.064323,1.964285,17.071612,5.065490,2.111341,5.077271,0.127909
0.010000,17.114755,1.970956,17.122483,5.087121,2.163021,5.167985,0.135156
0.010000,17.165356,1.978028,17.173576,5.109276,2.215565,5.254414,0.142552
0.010000,17.216127,1.985510,17.224895,5.131965,2.268928,5.336348,0.150098
0.010000,17.267069,1.993414,17.276447,5.155196,2.323024,5.409596,0.157799
0.010000,17.318183,2.001753,17.328237,5.178974,2.377805,5.478062,0.165659
0.010000,17.369469,2.010539,17.380270,5.203306,2.433182,5.537681,0.173682
0.010000,17.420927,2.019784,17.432552,5.228196,2.489041,5.585877,0.181870
0.010000,17.472557,2.029501,17.485088,5.253649,2.545296,5.625570,0.190227
0.010000,17.524359,2.039705,17.537885,5.279667,2.601797,5.650088,0.198759
0.010000,17.576331,2.050408,17.590948,5.306251,2.658428,5.663133,0.207467
0.010000,17.628472,2.061625,17.644282,5.333401,2.715009,5.658018,0.216356
0.010000,17.680780,2.073370,17.697893,5.361115,2.771370,5.636148,0.225431
0.010000,17.733254,2.085660,17.751787,5.389388,2.827319,5.594896,0.234693
0.010000,17.785891,2.098508,17.805969,5.418215,2.882632,5.531256,0.244148
0.010000,17.838687,2.111931,17.860445,5.447585,2.937068,5.443589,0.253799
0.010000,17.891639,2.125944,17.915219,5.477489,2.990374,5.330605,0.263649
0.010000,17.944743,2.140564,17.970299,5.507911,3.042240,5.186669,0.273702
0.010000,17.997992,2.155808,18.025687,5.538835,3.092374,5.013335,0.283961
0.010000,18.051382,2.171693,18.081389,5.570239,3.140427,4.805321,0.294429
0.010000,18.104904,2.188235,18.137410,5.602100,3.186035,4.560794,0.305110
0.010000,18.158553,2.205453,18.193754,5.634388,3.228798,4.276295,0.316006
0.010000,18.212319,2.223363,18.250425,5.667071,3.268301,3.950300,0.327120
0.010000,18.266193,2.241983,18.307426,5.700112,3.304095,3.579408,0.338455
0.010000,18.320165,2.261331,18.364761,5.733469,3.335706,3.161091,0.350011
0.010000,18.374222,2.281425,18.422432,5.767095,3.362640,2.693404,0.361792
0.010000,18.428352,2.302282,18.480441,5.800939,3.384366,2.172631,0.373799
0.010000,18.482541,2.323920,18.538790,5.834942,3.400350,1.598414,0.386032
0.010000,18.536774,2.346356,18.597481,5.869043,3.410033,0.968276,0.398492
0.010000,18.591034,2.369606,18.656513,5.903171,3.412844,0.281078,0.411181
0.010000,18.645304,2.393687,18.715885,5.937253,3.408194,-0.464978,0.424096
0.010000,18.699564,2.418614,18.775597,5.971208,3.395510,-1.268370,0.437237
0.010000,18.753794,2.444404,18.835647,6.004950,3.374208,-2.130192,0.450604
0.010000,18.807971,2.471070,18.896031,6.038387,3.343720,-3.048868,0.464194
0.010000,18.862072,2.498625,18.956745,6.071422,3.303495,-4.022494,0.478003
0.010000,18.916072,2.527083,19.017784,6.103952,3.253012,-5.048274,0.492030
0.010000,18.969944,2.556453,19.079143,6.135870,3.191787,-6.122458,0.506270
0.010000,19.023662,2.586747,19.140814,6.167064,3.119385,-7.240282,0.520717
0.010000,19.077195,2.617971,19.202788,6.197418,3.035425,-8.395923,0.535367
0.010000,19.130514,2.650134,19.265056,6.226814,2.939604,-9.582098,0.550213
0.010000,19.183586,2.683239,19.327607,6.255131,2.831689,-10.791490,0.565247
0.010000,19.236380,2.717291,19.390430,6.282247,2.711550,-12.013935,0.580463
0.010000,19.288861,2.752289,19.453510,6.308038,2.579140,-13.241018,0.595850
0.010000,19.340995,2.788233,19.516834,6.332384,2.434545,-14.459513,0.611400
0.010000,19.392746,2.825120,19.580386,6.355163,2.277944,-15.660042,0.627101
0.010000,19.444079,2.862943,19.644148,6.376260,2.109663,-16.828172,0.642943
0.010000,19.494957,2.901695,19.708104,6.395561,1.930130,-17.953301,0.658914
0.010000,19.545344,2.941365,19.772233,6.412960,1.739932,-19.019811,0.675001
0.010000,19.595204,2.981941,19.836517,6.428358,1.539754,-20.017780,0.691191
0.010000,19.644501,3.023406,19.900934,6.441662,1.330433,-20.932090,0.707469
0.010000,19.693198,3.065743,19.965462,6.452791,1.112910,-21.752296,0.723821
0.010000,19.741262,3.108931,20.030078,6.461674,0.888237,-22.467335,0.740233
0.010000,19.788657,3.152948,20.094761,6.468249,0.657578,-23.065904,0.756688
0.010000,19.835352,3.197769,20.159486,6.472471,0.422162,-23.541584,0.773172
0.010000,19.881314,3.243367,20.224229,6.474304,0.183307,-23.885475,0.789668
0.010000,19.926513,3.289712,20.288966,6.473728,-0.057629,-24.093624,0.806160
0.010000,19.970922,3.336775,20.353673,6.470735,-0.299261,-24.163118,0.822632
0.010000,20.014515,3.384522,20.418327,6.465333,-0.540176,-24.091590,0.839068
0.010000,20.057266,3.432919,20.482902,6.457544,-0.778991,-23.881509,0.855452
0.010000,20.099154,3.481932,20.547376,6.447400,-1.014337,-23.534579,0.871769
0.010000,20.140160,3.531524,20.611725,6.434951,-1.244906,-23.056882,0.888002
0.010000,20.180266,3.581659,20.675928,6.420257,-1.469447,-22.454115,0.904138
0.010000,20.219458,3.632298,20.739962,6.403389,-1.686804,-21.735664,0.920161
0.010000,20.257722,3.683405,20.803806,6.384429,-1.895911,-20.910746,0.936057
0.010000,20.295050,3.734941,20.867441,6.363471,-2.095818,-19.990636,0.951814
0.010000,20.331435,3.786870,20.930847,6.340614,-2.285691,-18.987353,0.967419
0.010000,20.366870,3.839152,20.994007,6.315966,-2.464824,-17.913313,0.982859
0.010000,20.401354,3.891752,21.056903,6.289640,-2.632640,-16.781547,0.998124
0.010000,20.434887,3.944634,21.119521,6.261753,-2.788690,-15.605059,1.013202
0.010000,20.467471,3.997763,21.181845,6.232426,-2.932658,-14.396724,1.028086
0.010000,20.499109,4.051103,21.243863,6.201783,-3.064347,-13.168978,1.042764
0.010000,20.529809,4.104623,21.305562,6.169946,-3.183684,-11.933674,1.057231
0.010000,20.559577,4.158290,21.366933,6.137039,-3.290704,-10.701971,1.071478
0.010000,20.588424,4.212075,21.427964,6.103183,-3.385545,-9.484143,1.085500
0.010000,20.616360,4.265947,21.488649,6.068499,-3.468437,-8.289117,1.099290
0.010000,20.643398,4.319880,21.548980,6.033102,-3.539691,-7.125475,1.112845
0.010000,20.669553,4.373847,21.608952,5.997105,-3.599691,-5.999990,1.126159
0.010000,20.694838,4.427825,21.668558,5.960616,-3.648879,-4.918826,1.139230
0.010000,20.719271,4.481789,21.727795,5.923739,-3.687745,-3.886558,1.152055
0.010000,20.742867,4.535718,21.786661,5.886571,-3.716821,-2.907587,1.164633
0.010000,20.765644,4.589593,21.845153,5.849204,-3.736663,-1.984186,1.176961
0.010000,20.787620,4.643395,21.903270,5.811726,-3.747852,-1.118902,1.189039
0.010000,20.808814,4.697107,21.961012,5.774216,-3.750974,-0.312266,1.200868
0.010000,20.829244,4.750714,22.018380,5.736750,-3.746626,0.434789,1.212446
0.010000,20.848930,4.804200,22.075374,5.699396,-3.735399,1.122741,1.223776
0.010000,20.867891,4.857553,22.131996,5.662217,-3.717871,1.752769,1.234857
0.010000,20.886146,4.910761,22.188249,5.625271,-3.694617,2.325394,1.245693
0.010000,20.903715,4.963814,22.244135,5.588609,-3.666183,2.843479,1.256284
0.010000,20.920617,5.016701,22.299657,5.552278,-3.633103,3.307954,1.266632
0.010000,20.936871,5.069416,22.354821,5.516319,-3.595885,3.721767,1.276741
0.010000,20.952497,5.121949,22.409628,5.480769,-3.555010,4.087565,1.286613
0.010000,20.967512,5.174294,22.464085,5.445660,-3.510936,4.407373,1.296251
0.010000,20.981936,5.226447,22.518195,5.411019,-3.464090,4.684562,1.305658
0.010000,20.995787,5.278401,22.571964,5.376870,-3.414876,4.921493,1.314837
0.010000,21.009082,5.330152,22.625396,5.343233,-3.363665,5.121052,1.323792
0.010000,21.021840,5.381698,22.678497,5.310125,-3.310806,5.285910,1.332526
0.010000,21.034077,5.433036,22.731273,5.277559,-3.256616,5.418962,1.341044
0.010000,21.045810,5.484162,22.783728,5.245545,-3.201390,5.522640,1.349347
0.010000,21.057056,5.535076,22.835869,5.214091,-3.145399,5.599116,1.357441
0.010000,21.067830,5.585776,22.887701,5.183202,-3.088883,5.651534,1.365329
0.010000,21.078149,5.636261,22.939230,5.152882,-3.032069,5.681445,1.373015
0.010000,21.088026,5.686531,22.990461,5.123130,-2.975157,5.691212,1.380503
0.010000,21.097478,5.736586,23.041401,5.093947,-2.918324,5.683318,1.387796
0.010000,21.106519,5.786426,23.092054,5.065330,-2.861736,5.658774,1.394898
0.010000,21.115161,5.836051,23.142427,5.037274,-2.805534,5.620173,1.401814
0.010000,21.123420,5.885464,23.192525,5.009776,-2.749850,5.568382,1.408545
0.010000,21.131308,5.934664,23.242353,4.982828,-2.694791,5.505906,1.415098
0.010000,21.138837,5.983653,23.291917,4.956423,-2.640462,5.432916,1.421474
0.010000,21.146020,6.032432,23.341223,4.930554,-2.586943,5.351905,1.427678
0.010000,21.152869,6.081004,23.390275,4.905211,-2.534312,5.263057,1.433712
0.010000,21.159396,6.129369,23.439079,4.880384,-2.482634,5.167881,1.439582
0.010000,21.165612,6.177531,23.487639,4.856065,-2.431958,5.067556,1.445289
0.010000,21.171527,6.225490,23.535962,4.832241,-2.382332,4.962630,1.450837
0.010000,21.177153,6.273248,23.584051,4.808903,-2.333794,4.853774,1.456230
0.010000,21.182499,6.320809,23.631911,4.786040,-2.286371,4.742277,1.461470
0.010000,21.187575,6.368174,23.679548,4.763639,-2.240089,4.628198,1.466561
0.010000,21.192392,6.415346,23.726965,4.741689,-2.194967,4.512242,1.471506
0.010000,21.196958,6.462326,23.774166,4.720179,-2.151013,4.395441,1.476307
0.010000,21.201282,6.509118,23.821157,4.699097,-2.108239,4.277364,1.480968
0.010000,21.205373,6.555723,23.867942,4.678430,-2.066646,4.159286,1.485491
0.010000,21.209239,6.602144,23.914523,4.658168,-2.026237,4.040869,1.489878
0.010000,21.212890,6.648383,23.960906,4.638298,-1.987008,3.922892,1.494134
0.010000,21.216332,6.694443,24.007094,4.618808,-1.948956,3.805244,1.498259
0.010000,21.219573,6.740325,24.053091,4.599687,-1.912068,3.688767,1.502257
0.010000,21.222621,6.786033,24.098900,4.580924,-1.876340,3.572868,1.506130
0.010000,21.225484,6.831568,24.144525,4.562507,-1.841757,3.458301,1.509880
0.010000,21.228168,6.876933,24.189970,4.544423,-1.808306,3.345019,1.513510
0.010000,21.230680,6.922130,24.235236,4.526664,-1.775975,3.233129,1.517021
0.010000,21.233027,6.967161,24.280329,4.509216,-1.744749,3.122660,1.520415
0.010000,21.235215,7.012028,24.325249,4.492070,-1.714608,3.014074,1.523696
0.010000,21.237251,7.056734,24.370001,4.475215,-1.685540,2.906821,1.526864
0.010000,21.239141,7.101281,24.414588,4.458639,-1.657526,2.801335,1.529922
0.010000,21.240890,7.145670,24.459011,4.442334,-1.630548,2.697799,1.532871
0.010000,21.242505,7.189903,24.503274,4.426288,-1.604591,2.595752,1.535712
0.010000,21.243991,7.233983,24.547379,4.410492,-1.579635,2.495568,1.538449
0.010000,21.245355,7.277911,24.591328,4.394935,-1.555664,2.397148,1.541082
0.010000,21.246600,7.321689,24.635124,4.379609,-1.532659,2.300482,1.543613
0.010000,21.247733,7.365320,24.678769,4.364502,-1.510604,2.205464,1.546043
0.010000,21.248759,7.408804,24.722265,4.349608,-1.489481,2.112271,1.548373
0.010000,21.249682,7.452143,24.765615,4.334915,-1.469275,2.020600,1.550606
0.010000,21.250508,7.495339,24.808819,4.320415,-1.449968,1.930695,1.552742
0.010000,21.251241,7.538394,24.851880,4.306100,-1.431545,1.842330,1.554783
0.010000,21.251886,7.581309,24.894799,4.291960,-1.413991,1.755459,1.556729
0.010000,21.252448,7.624085,24.937579,4.277987,-1.397289,1.670172,1.558583
0.010000,21.252931,7.666724,24.980221,4.264173,-1.381426,1.586260,1.560344
0.010000,21.253339,7.709227,25.022726,4.250509,-1.366388,1.503815,1.562014
0.010000,21.253678,7.751596,25.065096,4.236987,-1.352162,1.422583,1.563594
0.010000,21.253950,7.793831,25.107332,4.223600,-1.338734,1.342807,1.565084
0.010000,21.254161,7.835934,25.149435,4.210339,-1.326094,1.264040,1.566487
0.010000,21.254314,7.877905,25.191407,4.197197,-1.314227,1.186635,1.567801
0.010000,21.254413,7.919747,25.233249,4.184165,-1.303126,1.110157,1.569029
0.010000,21.254463,7.961459,25.274961,4.171238,-1.292778,1.034789,1.570171
0.010000,21.254466,8.003043,25.316545,4.158406,-1.283174,0.960431,1.571227
0.010000,21.254428,8.044500,25.358002,4.145663,-1.274305,0.886864,1.572198
0.010000,21.254352,8.085830,25.399332,4.133001,-1.266163,0.814238,1.573085
0.010000,21.254240,8.127034,25.440536,4.120414,-1.258740,0.742307,1.573887
0.010000,21.254098,8.168112,25.481615,4.107894,-1.252028,0.671166,1.574607
0.010000,21.253929,8.209066,25.522569,4.095433,-1.246022,0.600603,1.575243
0.010000,21.253736,8.249896,25.563400,4.083026,-1.240716,0.530634,1.575796
0.010000,21.253523,8.290602,25.604106,4.070665,-1.236103,0.461202,1.576267
0.010000,21.253292,8.331185,25.644690,4.058343,-1.232182,0.392179,1.576656
0.010000,21.253049,8.371645,25.685150,4.046054,-1.228946,0.323569,1.576963
0.010000,21.252795,8.411982,25.725488,4.033790,-1.226394,0.255248,1.577189
0.010000,21.252535,8.452197,25.765704,4.021545,-1.224522,0.187187,1.577332
0.010000,21.252271,8.492289,25.805797,4.009311,-1.223329,0.119306,1.577394
0.010000,21.252008,8.532259,25.845768,3.997083,-1.222813,0.051541,1.577375
0.010000,21.251747,8.572106,25.885616,3.984854,-1.222975,-0.016173,1.577274
0.010000,21.251493,8.611832,25.925342,3.972615,-1.223814,-0.083904,1.577091
0.010000,21.251249,8.651435,25.964946,3.960362,-1.225331,-0.151717,1.576827
0.010000,21.251018,8.690915,26.004427,3.948087,-1.227528,-0.219678,1.576481
0.010000,21.250802,8.730272,26.043785,3.935783,-1.230406,-0.287845,1.576053
0.010000,21.250605,8.769506,26.083019,3.923443,-1.233969,-0.356305,1.575543
0.010000,21.250431,8.808616,26.122130,3.911061,-1.238220,-0.425105,1.574950
0.010000,21.250282,8.847602,26.161116,3.898629,-1.243164,-0.494313,1.574274
0.010000,21.250161,8.886463,26.199977,3.886141,-1.248804,-0.563994,1.573515
0.010000,21.250072,8.925199,26.238713,3.873590,-1.255146,-0.634239,1.572672
0.010000,21.250017,8.963809,26.277323,3.860968,-1.262197,-0.705064,1.571745
0.010000,21.250000,9.002296,26.315810,3.848675,-1.229246,3.295105,1.570796
0.010000,21.250000,9.042296,26.355810,4.000000,15.132472,1636.171780,1.570796
0.010000,21.250000,9.082296,26.395810,4.000000,0.000000,-1513.247230,1.570796
0.010000,21.250000,9.122296,26.435810,4.000000,0.000000,-0.000000,1.570796
0.010000,21.250000,9.162296,26.475810,4.000000,0.000000,0.000000,1.570796
0.010000,21.250000,9.202296,26.515810,4.000000,0.000000,0.000000,1.570796
0.010000,21.250000,9.242296,26.555810,4.000000,0.000000,0.000000,1.570796
0.010000,21.250000,9.282296,26.595810,4.000000,-0.000000,-0.000000,1.570796
0.010000,21.250000,9.322296,26.635810,4.000000,-0.000000,-0.000000,1.570796
0.010000,21.250000,9.362296,26.675810,4.000000,-0.000000,0.000000,1.570796
0.010000,21.250000,9.402296,26.715810,4.000000,0.000000,0.000000,1.570796
0.010000,21.250000,9.442296,26.755810,4.000000,0.000000,0.000000,1.570796
0.010000,21.250000,9.482296,26.795810,4.000000,0.000000,0.000000,1.570796
0.010000,21.250000,9.522296,26.835810,4.000000,0.000000,0.000000,1.570796
0.010000,21.250000,9.562296,26.875810,4.000000,0.000000,0.000000,1.570796
0.010000,21.250000,9.602296,26.915810,4.000000,0.000000,0.000000,1.570796
0.010000,21.250000,9.642296,26.955810,4.000000,0.000000,-0.000000,1.570796
0.010000,21.250000,9.682296,26.995810,4.000000,-0.000000,-0.000000,1.570796
0.010000,21.250000,9.722296,27.035810,4.000000,0.000000,0.000000,1.570796
0.010000,21.250000,9.762296,27.075810,4.000000,0.000000,-0.000000,1.570796
0.010000,21.250000,9.802296,27.115810,4.000000,0.000000,0.000000,1.570796
0.010000,21.250000,9.842296,27.155810,4.000000,-0.000000,-0.000000,1.570796
0.010000,21.250000,9.882296,27.195810,4.000000,0.000000,0.000000,1.570796
0.010000,21.250000,9.922296,27.235810,4.000000,0.000000,-0.000000,1.570796
0.010000,21.250000,9.962296,27.275810,4.000000,-0.000000,-0.000000,1.570796
0.010000,21.250000,10.002296,27.315810,4.000000,0.000000,0.000000,1.570796
0.010000,21.250000,10.042296,27.355810,4.000000,0.000000,-0.000000,1.570796
0.010000,21.250000,10.082296,27.395810,4.000000,0.000000,0.000000,1.570796
0.010000,21.250000,10.122296,27.435810,4.000000,0.000000,0.000000,1.570796
0.010000,21.250000,10.162296,27.475810,4.000000,-0.000000,-0.000000,1.570796
0.010000,21.250000,10.202296,27.515810,4.000000,-0.000000,0.000000,1.570796
0.010000,21.250000,10.242296,27.555810,4.000000,0.000000,0.000000,1.570796
0.010000,21.250000,10.282296,27.595810,4.000000,-0.000000,-0.000000,1.570796
0.010000,21.250000,10.322296,27.635810,4.000000,0.000000,0.000000,1.570796
0.010000,21.250000,10.362296,27.675810,4.000000,-0.000000,-0.000000,1.570796
0.010000,21.250000,10.402296,27.715810,4.000000,0.000000,0.000000,1.570796
0.010000,21.250000,10.442296,27.755810,4.000000,-0.000000,-0.000000,1.570796
0.010000,21.250000,10.482296,27.795810,4.000000,0.000000,0.000000,1.570796
0.010000,21.250000,10.522296,27.835810,4.000000,-0.000000,-0.000000,1.570796
0.010000,21.250000,10.562296,27.875810,4.000000,0.000000,0.000000,1.570796
0.010000,21.250000,10.602296,27.915810,4.000000,-0.000000,-0.000000,1.570796
0.010000,21.250000,10.642296,27.955810,4.000000,0.000000,0.000000,1.570796
0.010000,21.250000,10.682296,27.995810,4.000000,-0.000000,-0.000000,1.570796
0.010000,21.250000,10.722296,28.035810,4.000000,0.000000,0.000000,1.570796
0.010000,21.250000,10.762296,28.075810,4.000000,-0.000000,-0.000000,1.570796
0.010000,21.250000,10.802296,28.115810,4.000000,0.000000,0.000000,1.570796
0.010000,21.250000,10.842296,28.155810,4.000000,0.000000,0.000000,1.570796
0.010000,21.250000,10.882296,28.195810,4.000000,0.000000,-0.000000,1.570796
0.010000,21.250000,10.922296,28.235810,4.000000,-0.000000,-0.000000,1.570796
0.010000,21.250000,10.962296,28.275810,4.000000,0.000000,0.000000,1.570796
0.010000,21.250000,11.002296,28.315810,4.000000,0.000000,0.000000,1.570796
0.010000,21.250000,11.042296,28.355810,4.000000,0.000000,-0.000000,1.570796
0.010000,21.250000,11.082296,28.395810,4.000000,-0.000000,-0.000000,1.570796
0.010000,21.250000,11.122296,28.435810,4.000000,0.000000,0.000000,1.570796
0.010000,21.250000,11.162296,28.475810,4.000000,0.000000,0.000000,1.570796
0.010000,21.250000,11.202296,28.515810,4.000000,0.000000,-0.000000,1.570796
0.010000,21.250000,11.242296,28.555810,4.000000,-0.000000,-0.000000,1.570796
0.010000,21.250000,11.282296,28.595810,4.000000,0.000000,0.000000,1.570796
0.010000,21.250000,11.322296,28.635810,4.000000,0.000000,0.000000,1.570796
0.010000,21.250000,11.362296,28.675810,4.000000,-0.000000,-0.000000,1.570796
0.010000,21.250000,11.402296,28.715810,4.000000,0.000000,0.000000,1.570796
0.010000,21.250000,11.442296,28.755810,4.000000,-0.000000,-0.000000,1.570796
0.010000,21.250000,11.482296,28.795810,4.000000,0.000000,0.000000,1.570796
0.010000,21.250000,11.522296,28.835810,4.000000,-0.000000,-0.000000,1.570796
0.010000,21.250000,11.562296,28.875810,4.000000,0.000000,0.000000,1.570796
0.010000,21.250000,11.602296,28.915810,4.000000,-0.000000,-0.000000,1.570796
0.010000,21.250000,11.642296,28.955810,4.000000,0.000000,0.000000,1.570796
0.010000,21.250000,11.682296,28.995810,4.000000,-0.000000,-0.000000,1.570796
0.010000,21.250000,11.722296,29.035810,4.000000,0.000000,0.000000,1.570796
0.010000,21.250000,11.762296,29.075810,4.000000,-0.000000,-0.000000,1.570796
0.010000,21.250000,11.802296,29.115810,4.000000,0.000000,0.000000,1.570796
0.010000,21.250000,11.842296,29.155810,4.000000,-0.000000,-0.000000,1.570796
0.010000,21.250000,11.882296,29.195810,4.000000,0.000000,0.000000,1.570796
0.010000,21.250000,11.922296,29.235810,4.000000,0.000000,0.000000,1.570796
0.010000,21.250000,11.962296,29.275810,4.000000,0.000000,-0.000000,1.570796
0.010000,21.250000,12.002296,29.315810,4.000000,-0.000000,-0.000000,1.570796
0.010000,21.250000,12.042296,29.355810,4.000000,0.000000,0.000000,1.570796
0.010000,21.250000,12.082296,29.395810,4.000000,0.000000,0.000000,1.570796
0.010000,21.250000,12.122296,29.435810,4.000000,0.000000,-0.000000,1.570796
0.010000,21.250000,12.162296,29.475810,4.000000,-0.000000,-0.000000,1.570796
0.010000,21.250000,12.202296,29.515810,4.000000,0.000000,0.000000,1.570796
0.010000,21.250000,12.242296,29.555810,4.000000,0.000000,0.000000,1.570796
0.010000,21.250000,12.282296,29.595810,4.000000,0.000000,-0.000000,1.570796
0.010000,21.250000,12.322296,29.635810,4.000000,-0.000000,-0.000000,1.570796
0.010000,21.250000,12.362296,29.675810,4.000000,0.000000,0.000000,1.570796
0.010000,21.250000,12.402296,29.715810,4.000000,0.000000,0.000000,1.570796
0.010000,21.250000,12.442296,29.755810,4.000000,-0.000000,-0.000000,1.570796
0.010000,21.250000,12.482296,29.795810,4.000000,0.000000,0.000000,1.570796
0.010000,21.250000,12.522296,29.835810,4.000000,-0.000000,-0.000000,1.570796
0.010000,21.250000,12.562296,29.875810,4.000000,0.000000,0.000000,1.570796
0.010000,21.250000,12.602296,29.915810,4.000000,-0.000000,-0.000000,1.570796
0.010000,21.250000,12.642296,29.955810,4.000000,0.000000,0.000000,1.570796
0.010000,21.250000,12.682296,29.995810,4.000000,-0.000000,-0.000000,1.570796
0.010000,21.250000,12.722296,30.035810,4.000000,0.000000,0.000000,1.570796
0.010000,21.250000,12.762296,30.075810,4.000000,-0.000000,-0.000000,1.570796
0.010000,21.250000,12.802296,30.115810,4.000000,0.000000,0.000000,1.570796
0.010000,21.250000,12.842296,30.155810,4.000000,-0.000000,-0.000000,1.570796
0.010000,21.250000,12.882296,30.195810,4.000000,0.000000,0.000000,1.570796
0.010000,21.250000,12.922296,30.235810,4.000000,-0.000000,-0.000000,1.570796
0.010000,21.250000,12.962296,30.275810,4.000000,0.000000,0.000000,1.570796
0.010000,21.250000,13.002296,30.315810,4.000000,0.000000,0.000000,1.570796
0.010000,21.250000,13.042296,30.355810,4.000000,0.000000,-0.000000,1.570796
0.010000,21.250000,13.082296,30.395810,4.000000,-0.000000,-0.000000,1.570796
0.010000,21.250000,13.122296,30.435810,4.000000,0.000000,0.000000,1.570796
0.010000,21.250000,13.162296,30.475810,4.000000,0.000000,0.000000,1.570796
0.010000,21.250000,13.202296,30.515810,4.000000,0.000000,-0.000000,1.570796
0.010000,21.250000,13.242296,30.555810,4.000000,-0.000000,-0.000000,1.570796
0.010000,21.250000,13.282296,30.595810,4.000000,0.000000,0.000000,1.570796
0.010000,21.250000,13.322296,30.635810,4.000000,0.000000,0.000000,1.570796
0.010000,21.250000,13.362296,30.675810,4.000000,0.000000,-0.000000,1.570796
0.010000,21.250000,13.402296,30.715810,4.000000,-0.000000,-0.000000,1.570796
0.010000,21.250000,13.442296,30.755810,4.000000,0.000000,0.000000,1.570796
0.010000,21.250000,13.482296,30.795810,4.000000,0.000000,-0.000000,1.570796
0.010000,21.250000,13.522296,30.835810,4.000000,0.000000,0.000000,1.570796
0.010000,21.250000,13.562296,30.875810,4.000000,0.000000,-0.000000,1.570796
0.010000,21.250000,13.602296,30.915810,4.000000,0.000000,-0.000000,1.570796
0.010000,21.250000,13.642296,30.955810,4.000000,0.000000,0.000000,1.570796
0.010000,21.250000,13.682296,30.995810,4.000000,-0.000000,-0.000000,1.570796
0.010000,21.250000,13.722296,31.035810,4.000000,0.000000,0.000000,1.570796
0.010000,21.250000,13.762296,31.075810,4.000000,-0.000000,-0.000000,1.570796
0.010000,21.250000,13.802296,31.115810,4.000000,0.000000,0.000000,1.570796
0.010000,21.250000,13.842296,31.155810,4.000000,0.000000,0.000000,1.570796
0.010000,21.250000,13.882296,31.195810,4.000000,0.000000,-0.000000,1.570796
0.010000,21.250000,13.922296,31.235810,4.000000,-0.000000,-0.000000,1.570796
0.010000,21.250000,13.962296,31.275810,4.000000,0.000000,0.000000,1.570796
0.010000,21.250000,14.002296,31.315810,4.000000,-0.000000,-0.000000,1.570796
0.010000,21.250000,14.042296,31.355810,4.000000,0.000000,0.000000,1.570796
0.010000,21.250000,14.082296,31.395810,4.000000,-0.000000,-0.000000,1.570796
0.010000,21.250000,14.122296,31.435810,4.000000,0.000000,0.000000,1.570796
0.010000,21.250000,14.162296,31.475810,4.000000,0.000000,0.000000,1.570796
0.010000,21.250000,14.202296,31.515810,4.000000,0.000000,-0.000000,1.570796
0.010000,21.250000,14.242296,31.555810,4.000000,-0.000000,-0.000000,1.570796
0.010000,21.250000,14.282296,31.595810,4.000000,0.000000,0.000000,1.570796
0.010000,21.250000,14.322296,31.635810,4.000000,0.000000,0.000000,1.570796
0.010000,21.250000,14.362296,31.675810,4.000000,0.000000,-0.000000,1.570796
0.010000,21.250000,14.402296,31.715810,4.000000,-0.000000,-0.000000,1.570796
0.010000,21.250000,14.442296,31.755810,4.000000,0.000000,0.000000,1.570796
0.010000,21.250000,14.482296,31.795810,4.000000,0.000000,0.000000,1.570796
0.010000,21.250000,14.522296,31.835810,4.000000,0.000000,0.000000,1.570796
0.010000,21.250000,14.562296,31.875810,4.000000,0.000000,-0.000000,1.570796
0.010000,21.250000,14.602296,31.915810,4.000000,-0.000000,-0.000000,1.570796
0.010000,21.250000,14.642296,31.955810,4.000000,0.000000,0.000000,1.570796
0.010000,21.250000,14.682296,31.995810,4.000000,-0.000000,-0.000000,1.570796
0.010000,21.250000,14.722296,32.035810,4.000000,0.000000,0.000000,1.570796
0.010000,21.250000,14.762296,32.075810,4.000000,-0.000000,-0.000000,1.570796
0.010000,21.250000,14.802296,32.115810,4.000000,0.000000,0.000000,1.570796
0.010000,21.250000,14.842296,32.155810,4.000000,0.000000,0.000000,1.570796
0.010000,21.250000,14.882296,32.195810,4.000000,0.000000,-0.000000,1.570796
0.010000,21.250000,14.922296,32.235810,4.000000,-0.000000,-0.000000,1.570796
0.010000,21.250000,14.962296,32.275810,4.000000,0.000000,0.000000,1.570796
0.010000,21.250000,15.002296,32.315810,4.000000,0.000000,0.000000,1.570796
0.010000,21.250000,15.042296,32.355810,4.000000,-0.000000,-0.000000,1.570796
0.010000,21.250000,15.082296,32.395810,4.000000,0.000000,0.000000,1.570796
0.010000,21.250000,15.122296,32.435810,4.000000,0.000000,0.000000,1.570796
0.010000,21.250000,15.162296,32.475810,4.000000,0.000000,0.000000,1.570796
0.010000,21.250000,15.202296,32.515810,4.000000,0.000000,0.000000,1.570796
0.010000,21.250000,15.242296,32.555810,4.000000,-0.000000,-0.000000,1.570796
0.010000,21.250000,15.282296,32.595810,4.000000,0.000000,0.000000,1.570796
0.010000,21.250000,15.322296,32.635810,4.000000,0.000000,0.000000,1.570796
0.010000,21.250000,15.362296,32.675810,4.000000,-0.000000,-0.000000,1.570796
0.010000,21.250000,15.402296,32.715810,4.000000,0.000000,0.000000,1.570796
0.010000,21.250000,15.442296,32.755810,4.000000,-0.000000,-0.000000,1.570796
0.010000,21.250000,15.482296,32.795810,4.000000,0.000000,0.000000,1.570796
0.010000,21.250000,15.522296,32.835810,4.000000,-0.000000,-0.000000,1.570796
0.010000,21.250000,15.562296,32.875810,4.000000,0.000000,0.000000,1.570796
0.010000,21.250000,15.602296,32.915810,4.000000,-0.000000,-0.000000,1.570796
0.010000,21.250000,15.642296,32.955810,4.000000,0.000000,0.000000,1.570796
0.010000,21.250000,15.682296,32.995810,4.000000,0.000000,-0.000000,1.570796
0.010000,21.250000,15.722296,33.035810,4.000000,-0.000000,-0.000000,1.570796
0.010000,21.250000,15.762296,33.075810,4.000000,0.000000,0.000000,1.570796
0.010000,21.250000,15.802296,33.115810,4.000000,0.000000,0.000000,1.570796
0.010000,21.250000,15.842296,33.155810,4.000000,0.000000,-0.000000,1.570796
0.010000,21.250000,15.882296,33.195810,4.000000,-0.000000,-0.000000,1.570796
0.010000,21.250000,15.922296,33.235810,4.000000,0.000000,0.000000,1.570796
0.010000,21.250000,15.962296,33.275810,4.000000,0.000000,0.000000,1.570796
0.010000,21.250000,16.002296,33.315810,4.000000,0.000000,0.000000,1.570796
0.010000,21.250000,16.042296,33.355810,4.000000,-0.000000,-0.000000,1.570796
0.010000,21.250000,16.082296,33.395810,4.000000,0.000000,0.000000,1.570796
0.010000,21.250000,16.122296,33.435810,4.000000,-0.000000,-0.000000,1.570796
0.010000,21.250000,16.162296,33.475810,4.000000,0.000000,0.000000,1.570796
0.010000,21.250000,16.202296,33.515810,4.000000,0.000000,0.000000,1.570796
0.010000,21.250000,16.242296,33.555810,4.000000,-0.000000,-0.000000,1.570796
0.010000,21.250000,16.282296,33.595810,4.000000,0.000000,0.000000,1.570796
0.010000,21.250000,16.322296,33.635810,4.000000,0.000000,0.000000,1.570796
0.010000,21.250000,16.362296,33.675810,4.000000,-0.000000,-0.000000,1.570796
0.010000,21.250000,16.402296,33.715810,4.000000,0.000000,0.000000,1.570796
0.010000,21.250000,16.442296,33.755810,4.000000,0.000000,0.000000,1.570796
0.010000,21.250000,16.482296,33.795810,4.000000,-0.000000,-0.000000,1.570796
0.010000,21.250000,16.522296,33.835810,4.000000,0.000000,0.000000,1.570796
0.010000,21.250000,16.562296,33.875810,4.000000,-0.000000,-0.000000,1.570796
0.010000,21.250000,16.602296,33.915810,4.000000,0.000000,0.000000,1.570796
0.010000,21.250000,16.642296,33.955810,4.000000,0.000000,0.000000,1.570796
0.010000,21.250000,16.682296,33.995810,4.000000,0.000000,0.000000,1.570796
0.010000,21.250000,16.722296,34.035810,4.000000,0.000000,0.000000,1.570796
0.010000,21.250000,16.762296,34.075810,4.000000,-0.000000,-0.000000,1.570796
0.010000,21.250000,16.802296,34.115810,4.000000,0.000000,0.000000,1.570796
0.010000,21.250000,16.842296,34.155810,4.000000,0.000000,0.000000,1.570796
0.010000,21.250000,16.882296,34.195810,4.000000,-0.000000,-0.000000,1.570796
0.010000,21.250000,16.922296,34.235810,4.000000,0.000000,0.000000,1.570796
0.010000,21.250000,16.962296,34.275810,4.000000,0.000000,0.000000,1.570796
0.010000,21.250000,17.002296,34.315810,4.000000,0.000000,0.000000,1.570796
0.010000,21.250000,17.042296,34.355810,4.000000,0.000000,0.000000,1.570796
0.010000,21.250000,17.082296,34.395810,4.000000,0.000000,-0.000000,1.570796
0.010000,21.250000,17.122296,34.435810,4.000000,-0.000000,-0.000000,1.570796
0.010000,21.250000,17.162296,34.475810,4.000000,0.000000,0.000000,1.570796
0.010000,21.250000,17.202296,34.515810,4.000000,0.000000,0.000000,1.570796
0.010000,21.250000,17.242296,34.555810,4.000000,-0.000000,-0.000000,1.570796
0.010000,21.250000,17.282296,34.595810,4.000000,0.000000,0.000000,1.570796
0.010000,21.250000,17.322296,34.635810,4.000000,0.000000,0.000000,1.570796
0.010000,21.250000,17.362296,34.675810,4.000000,-0.000000,-0.000000,1.570796
0.010000,21.250000,17.402296,34.715810,4.000000,0.000000,0.000000,1.570796
0.010000,21.250000,17.442296,34.755810,4.000000,0.000000,0.000000,1.570796
0.010000,21.250000,17.482296,34.795810,4.000000,0.000000,0.000000,1.570796
0.010000,21.250000,17.522296,34.835810,4.000000,0.000000,0.000000,1.570796
0.010000,21.250000,17.562296,34.875810,4.000000,-0.000000,-0.000000,1.570796
0.010000,21.250000,17.602296,34.915810,4.000000,0.000000,0.000000,1.570796
0.010000,21.250000,17.642296,34.955810,4.000000,0.000000,0.000000,1.570796
0.010000,21.250000,17.682296,34.995810,4.000000,-0.000000,-0.000000,1.570796
0.010000,21.250000,17.722296,35.035810,4.000000,0.000000,0.000000,1.570796
0.010000,21.250000,17.762296,35.075810,4.000000,-0.000000,-0.000000,1.570796
0.010000,21.250000,17.802296,35.115810,4.000000,0.000000,0.000000,1.570796
0.010000,21.250000,17.842296,35.155810,4.000000,0.000000,0.000000,1.570796
0.010000,21.250000,17.882296,35.195810,4.000000,-0.000000,-0.000000,1.570796
0.010000,21.250000,17.922296,35.235810,4.000000,0.000000,0.000000,1.570796
0.010000,21.250000,17.962296,35.275810,4.000000,0.000000,-0.000000,1.570796
0.010000,21.250000,18.002203,35.315717,3.990737,-0.926275,-92.627490,1.570795
0.010000,21.250001,18.042113,35.355627,3.991040,0.030273,95.654751,1.570735
0.010000,21.250006,18.081941,35.395455,3.982728,-0.831224,-86.149653,1.570620
0.010000,21.250016,18.121685,35.435199,3.974409,-0.831902,-0.067794,1.570449
0.010000,21.250034,18.161346,35.474860,3.966080,-0.832907,-0.100471,1.570223
0.010000,21.250062,18.200923,35.514437,3.957737,-0.834239,-0.133220,1.569941
0.010000,21.250102,18.240417,35.553931,3.949378,-0.835899,-0.166067,1.569604
0.010000,21.250157,18.279827,35.593341,3.940999,-0.837890,-0.199022,1.569210
0.010000,21.250228,18.319153,35.632667,3.932597,-0.840211,-0.232144,1.568761
0.010000,21.250317,18.358394,35.671908,3.924169,-0.842865,-0.265411,1.568256
0.010000,21.250428,18.397551,35.711065,3.915710,-0.845854,-0.298886,1.567694
0.010000,21.250561,18.436623,35.750138,3.907218,-0.849180,-0.332554,1.567075
0.010000,21.250719,18.475610,35.789125,3.898690,-0.852844,-0.366480,1.566400
0.010000,21.250904,18.514510,35.828026,3.890121,-0.856851,-0.400676,1.565667
0.010000,21.251118,18.553325,35.866841,3.881509,-0.861202,-0.435114,1.564877
0.010000,21.251364,18.592053,35.905569,3.872850,-0.865902,-0.469928,1.564030
0.010000,21.251642,18.630693,35.944211,3.864141,-0.870952,-0.505018,1.563124
0.010000,21.251957,18.669246,35.982765,3.855377,-0.876357,-0.540509,1.562160
0.010000,21.252308,18.707709,36.021230,3.846556,-0.882120,-0.576321,1.561137
0.010000,21.252700,18.746084,36.059607,3.837674,-0.888246,-0.612637,1.560055
0.010000,21.253133,18.784369,36.097894,3.828726,-0.894739,-0.649265,1.558913
0.010000,21.253609,18.822563,36.136091,3.819710,-0.901604,-0.686486,1.557711
0.010000,21.254132,18.860666,36.174197,3.810622,-0.908844,-0.724035,1.556448
0.010000,21.254702,18.898676,36.212212,3.801457,-0.916467,-0.762223,1.555125
0.010000,21.255322,18.936593,36.250134,3.792212,-0.924475,-0.800796,1.553739
0.010000,21.255995,18.974416,36.287963,3.782883,-0.932875,-0.840038,1.552292
0.010000,21.256721,19.012144,36.325698,3.773467,-0.941673,-0.879843,1.550782
0.010000,21.257504,19.049775,36.363337,3.763958,-0.950875,-0.920160,1.549208
0.010000,21.258345,19.087309,36.400881,3.754353,-0.960486,-0.961136,1.547570
0.010000,21.259246,19.124745,36.438327,3.744648,-0.970514,-1.002821,1.545868
0.010000,21.260210,19.162081,36.475676,3.734838,-0.980965,-1.045007,1.544100
0.010000,21.261238,19.199316,36.512925,3.724920,-0.991845,-1.088055,1.542267
0.010000,21.262333,19.236449,36.550074,3.714888,-1.003162,-1.131735,1.540366
0.010000,21.263496,19.273478,36.587121,3.704739,-1.014924,-1.176113,1.538397
0.010000,21.264730,19.310402,36.624066,3.694468,-1.027136,-1.221201,1.536361
0.010000,21.266037,19.347219,36.660906,3.684070,-1.039808,-1.267196,1.534254
0.010000,21.267419,19.383929,36.697642,3.673540,-1.052945,-1.313794,1.532078
0.010000,21.268878,19.420528,36.734271,3.662875,-1.066559,-1.361366,1.529830
0.010000,21.270416,19.457017,36.770791,3.652068,-1.080655,-1.409594,1.527511
0.010000,21.272035,19.493392,36.807202,3.641116,-1.095242,-1.458700,1.525118
0.010000,21.273737,19.529652,36.843503,3.630012,-1.110329,-1.508688,1.522652
0.010000,21.275524,19.565795,36.879690,3.618753,-1.125923,-1.559410,1.520110
0.010000,21.277398,19.601820,36.915763,3.607333,-1.142034,-1.611108,1.517492
0.010000,21.279362,19.637724,36.951721,3.595746,-1.158671,-1.663639,1.514797
0.010000,21.281417,19.673505,36.987561,3.583988,-1.175839,-1.716845,1.512024
0.010000,21.283566,19.709160,37.023281,3.572052,-1.193551,-1.771197,1.509171
0.010000,21.285811,19.744689,37.058881,3.559934,-1.211813,-1.826201,1.506237
0.010000,21.288152,19.780088,37.094357,3.547628,-1.230633,-1.882053,1.503221
0.010000,21.290594,19.815355,37.129708,3.535127,-1.250022,-1.938832,1.500122
0.010000,21.293137,19.850487,37.164932,3.522428,-1.269986,-1.996391,1.496938
0.010000,21.295783,19.885482,37.200028,3.509522,-1.290532,-2.054600,1.493669
0.010000,21.298536,19.920338,37.234992,3.496406,-1.311670,-2.113791,1.490311
0.010000,21.301396,19.955051,37.269822,3.483072,-1.333405,-2.173571,1.486865
0.010000,21.304365,19.989619,37.304518,3.469514,-1.355745,-2.234016,1.483329
0.010000,21.307446,20.024039,37.339075,3.455727,-1.378697,-2.295102,1.479700
0.010000,21.310640,20.058307,37.373492,3.441704,-1.402265,-2.356894,1.475978
0.010000,21.313950,20.092421,37.407766,3.427440,-1.426456,-2.419033,1.472161
0.010000,21.317377,20.126378,37.441896,3.412927,-1.451272,-2.481662,1.468247
0.010000,21.320923,20.160174,37.475877,3.398160,-1.476718,-2.544554,1.464235
0.010000,21.324590,20.193806,37.509708,3.383132,-1.502797,-2.607872,1.460123
0.010000,21.328380,20.227271,37.543387,3.367837,-1.529508,-2.671178,1.455908
0.010000,21.332295,20.260564,37.576910,3.352268,-1.556853,-2.734428,1.451590
0.010000,21.336335,20.293683,37.610274,3.336420,-1.584830,-2.797724,1.447166
0.010000,21.340504,20.326623,37.643477,3.320286,-1.613436,-2.860594,1.442635
0.010000,21.344802,20.359380,37.676515,3.303859,-1.642666,-2.922992,1.437994
0.010000,21.349232,20.391952,37.709387,3.287134,-1.672514,-2.984778,1.433241
0.010000,21.353795,20.424333,37.742088,3.270104,-1.702970,-3.045633,1.428375
0.010000,21.358491,20.456520,37.774615,3.252764,-1.734024,-3.105379,1.423394
0.010000,21.363324,20.488508,37.806966,3.235107,-1.765661,-3.163759,1.418295
0.010000,21.368294,20.520293,37.839138,3.217129,-1.797866,-3.220511,1.413075
0.010000,21.373402,20.551871,37.871126,3.198823,-1.830617,-3.275105,1.407734
0.010000,21.378650,20.583237,37.902928,3.180184,-1.863895,-3.327712,1.402269
0.010000,21.384039,20.614386,37.934540,3.161207,-1.897667,-3.377231,1.396677
0.010000,21.389570,20.645314,37.965959,3.141888,-1.931906,-3.423943,1.390956
0.010000,21.395244,20.676016,37.997181,3.122222,-1.966577,-3.467061,1.385104
0.010000,21.401062,20.706488,38.028203,3.102206,-2.001637,-3.506047,1.379119
0.010000,21.407026,20.736724,38.059021,3.081835,-2.037044,-3.540670,1.372998
0.010000,21.413135,20.766719,38.089632,3.061108,-2.072746,-3.570170,1.366739
0.010000,21.419390,20.796469,38.120032,3.040021,-2.108686,-3.593992,1.360339
0.010000,21.425792,20.825968,38.150218,3.018573,-2.144802,-3.611598,1.353796
0.010000,21.432341,20.855211,38.180186,2.996763,-2.181023,-3.622086,1.347108
0.010000,21.439038,20.884193,38.209932,2.974590,-2.217273,-3.625088,1.340272
0.010000,21.445883,20.912909,38.239452,2.952055,-2.253470,-3.619652,1.333286
0.010000,21.452876,20.941354,38.268744,2.929160,-2.289517,-3.604705,1.326147
0.010000,21.460017,20.969522,38.297803,2.905907,-2.325317,-3.580026,1.318853
0.010000,21.467306,20.997408,38.326626,2.882299,-2.360758,-3.544104,1.311402
0.010000,21.474742,21.025007,38.355209,2.858342,-2.395722,-3.496353,1.303791
0.010000,21.482325,21.052315,38.383550,2.834041,-2.430079,-3.435735,1.296018
0.010000,21.490054,21.079324,38.411644,2.809404,-2.463690,-3.361109,1.288080
0.010000,21.497930,21.106032,38.439488,2.784440,-2.496407,-3.271713,1.279977
0.010000,21.505950,21.132432,38.467080,2.759160,-2.528068,-3.166076,1.271704
0.010000,21.514114,21.158520,38.494416,2.733575,-2.558504,-3.043563,1.263262
0.010000,21.522421,21.184291,38.521493,2.707699,-2.587530,-2.902603,1.254646
0.010000,21.530870,21.209741,38.548308,2.681550,-2.614955,-2.742509,1.245857
0.010000,21.539459,21.234865,38.574860,2.655144,-2.640575,-2.561976,1.236891
0.010000,21.548186,21.259659,38.601145,2.628502,-2.664172,-2.359756,1.227748
0.010000,21.557050,21.284119,38.627161,2.601647,-2.685524,-2.135202,1.218426
0.010000,21.566050,21.308241,38.652907,2.574603,-2.704393,-1.886901,1.208923
0.010000,21.575183,21.332021,38.678381,2.547398,-2.720535,-1.614194,1.199239
0.010000,21.584448,21.355457,38.703582,2.520061,-2.733695,-1.316017,1.189373
0.010000,21.593842,21.378545,38.728508,2.492625,-2.743613,-0.991779,1.179324
0.010000,21.603364,21.401283,38.753159,2.465125,-2.750020,-0.640693,1.169091
0.010000,21.613011,21.423669,38.777535,2.437598,-2.752645,-0.262440,1.158675
0.010000,21.622781,21.445701,38.801636,2.410086,-2.751209,0.143514,1.148076
0.010000,21.632672,21.467377,38.825462,2.382632,-2.745439,0.576997,1.137294
0.010000,21.642681,21.488697,38.849015,2.355281,-2.735058,1.038194,1.126329
0.010000,21.652808,21.509660,38.872296,2.328083,-2.719792,1.526571,1.115183
0.010000,21.663050,21.530266,38.895307,2.301089,-2.699377,2.041473,1.103857
0.010000,21.673404,21.550516,38.918050,2.274354,-2.673556,2.582115,1.092353
0.010000,21.683869,21.570411,38.940530,2.247933,-2.642085,3.147045,1.080672
0.010000,21.694444,21.589952,38.962749,2.221886,-2.604737,3.734859,1.068818
0.010000,21.705126,21.609141,38.984711,2.196273,-2.561302,4.343443,1.056794
0.010000,21.715916,21.627982,39.006423,2.171157,-2.511597,4.970518,1.044601
0.010000,21.726811,21.646478,39.027889,2.146602,-2.455463,5.613428,1.032246
0.010000,21.737812,21.664632,39.049116,2.122674,-2.392773,6.269008,1.019730
0.010000,21.748917,21.682449,39.070110,2.099440,-2.323434,6.933879,1.007060
0.010000,21.760127,21.699933,39.090880,2.076966,-2.247393,7.604141,0.994240
0.010000,21.771442,21.717091,39.111433,2.055320,-2.164636,8.275710,0.981275
0.010000,21.782864,21.733928,39.131779,2.034568,-2.075194,8.944132,0.968172
0.010000,21.794393,21.750451,39.151926,2.014776,-1.979148,9.604645,0.954938
0.010000,21.806031,21.766667,39.171886,1.996010,-1.876624,10.252339,0.941578
0.010000,21.817781,21.782583,39.191670,1.978332,-1.767803,10.882113,0.928100
0.010000,21.829646,21.798207,39.211288,1.961803,-1.652916,11.488758,0.914512
0.010000,21.841628,21.813547,39.230753,1.946480,-1.532245,12.067080,0.900822
0.010000,21.853731,21.828611,39.250077,1.932419,-1.406126,12.611857,0.887038
0.010000,21.865961,21.843408,39.269273,1.919670,-1.274945,13.118095,0.873170
0.010000,21.878321,21.857947,39.288356,1.908278,-1.139136,13.580946,0.859225
0.010000,21.890818,21.872236,39.307339,1.898286,-0.999177,13.995861,0.845214
0.010000,21.903456,21.886285,39.326236,1.889731,-0.855590,14.358700,0.831145
0.010000,21.916244,21.900103,39.345063,1.882641,-0.708933,14.665714,0.817030
0.010000,21.929186,21.913697,39.363833,1.877043,-0.559795,14.913846,0.802877
0.010000,21.942292,21.927078,39.382563,1.872955,-0.408792,15.100286,0.788697
0.010000,21.955568,21.940253,39.401267,1.870390,-0.256560,15.223218,0.774499
0.010000,21.969022,21.953231,39.419960,1.869352,-0.103746,15.281350,0.760295
0.010000,21.982662,21.966021,39.438659,1.869842,0.048994,15.274011,0.746094
0.010000,21.996498,21.978628,39.457377,1.871852,0.201007,15.201337,0.731907
0.010000,22.010537,21.991062,39.476131,1.875369,0.351649,15.064137,0.717742
0.010000,22.024789,22.003329,39.494935,1.880372,0.500289,14.864050,0.703612
0.010000,22.039262,22.015434,39.513803,1.886835,0.646320,14.603040,0.689524
0.010000,22.053965,22.027385,39.532750,1.894726,0.789160,14.284061,0.675489
0.010000,22.068907,22.039186,39.551790,1.904009,0.928264,13.910401,0.661516
0.010000,22.084096,22.050842,39.570937,1.914640,1.063124,13.485935,0.647614
0.010000,22.099541,22.062358,39.590202,1.926573,1.193272,13.014832,0.633791
0.010000,22.115250,22.073738,39.609600,1.939756,1.318292,12.501993,0.620056
0.010000,22.131231,22.084984,39.629141,1.954134,1.437811,11.951911,0.606417
0.010000,22.147492,22.096099,39.648838,1.969649,1.551511,11.369965,0.592881
0.010000,22.164039,22.107086,39.668700,1.986240,1.659123,10.761258,0.579456
0.010000,22.180879,22.117947,39.688739,2.003845,1.760430,10.130726,0.566149
0.010000,22.198019,22.128682,39.708963,2.022397,1.855271,9.484106,0.552965
0.010000,22.215464,22.139291,39.729381,2.041833,1.943528,8.825628,0.539911
0.010000,22.233220,22.149777,39.750002,2.062084,2.025137,8.160957,0.526991
0.010000,22.251291,22.160138,39.770833,2.083085,2.100077,7.493937,0.514212
0.010000,22.269682,22.170374,39.791880,2.104769,2.168372,6.829584,0.501577
0.010000,22.288397,22.180484,39.813151,2.127069,2.230084,6.171158,0.489091
0.010000,22.307438,22.190467,39.834650,2.149923,2.285318,5.523365,0.476757
0.010000,22.326807,22.200322,39.856383,2.173265,2.334202,4.888433,0.464579
0.010000,22.346508,22.210047,39.878353,2.197034,2.376900,4.269838,0.452559
0.010000,22.366541,22.219640,39.900565,2.221170,2.413605,3.670466,0.440701
0.010000,22.386908,22.229100,39.923021,2.245615,2.444523,3.091750,0.429005
0.010000,22.407608,22.238424,39.945724,2.270314,2.469883,2.536020,0.417474
0.010000,22.428642,22.247610,39.968676,2.295213,2.489930,2.004754,0.406108
0.010000,22.450008,22.256656,39.991879,2.320262,2.504921,1.499039,0.394910
0.010000,22.471707,22.265559,40.015333,2.345413,2.515117,1.019593,0.383880
0.010000,22.493736,22.274318,40.039039,2.370621,2.520786,0.566904,0.373017
0.010000,22.516093,22.282929,40.062998,2.395843,2.522202,0.141637,0.362323
0.010000,22.538777,22.291390,40.087208,2.421040,2.519637,-0.256496,0.351797
0.010000,22.561784,22.299700,40.111670,2.446173,2.513362,-0.627535,0.341438
0.010000,22.585111,22.307855,40.136382,2.471210,2.503643,-0.971838,0.331246
0.010000,22.608756,22.315854,40.161343,2.496117,2.490742,-1.290154,0.321220
0.010000,22.632715,22.323695,40.186552,2.520866,2.474913,-1.582849,0.311359
0.010000,22.656983,22.331375,40.212006,2.545430,2.456407,-1.850659,0.301662
0.010000,22.681556,22.338892,40.237704,2.569785,2.435461,-2.094603,0.292128
0.010000,22.706431,22.346245,40.263643,2.593908,2.412299,-2.316183,0.282754
0.010000,22.731603,22.353433,40.289821,2.617779,2.387151,-2.514795,0.273539
0.010000,22.757067,22.360452,40.316235,2.641382,2.360216,-2.693532,0.264482
0.010000,22.782819,22.367303,40.342882,2.664699,2.331696,-2.852005,0.255580
0.010000,22.808852,22.373983,40.369759,2.687716,2.301778,-2.991782,0.246831
0.010000,22.835163,22.380492,40.396863,2.710423,2.270638,-3.113952,0.238234
0.010000,22.861747,22.386829,40.424191,2.732807,2.238442,-3.219597,0.229786
0.010000,22.888597,22.392992,40.451740,2.754861,2.205344,-3.309781,0.221485
0.010000,22.915709,22.398980,40.479505,2.776575,2.171489,-3.385545,0.213329
0.010000,22.943078,22.404794,40.507485,2.797946,2.137009,-3.448044,0.205316
0.010000,22.970698,22.410432,40.535675,2.818966,2.102032,-3.497673,0.197442
0.010000,22.998564,22.415894,40.564071,2.839633,2.066671,-3.536110,0.189706
0.010000,23.026671,22.421180,40.592670,2.859943,2.031031,-3.563988,0.182106
0.010000,23.055013,22.426289,40.621469,2.879895,1.995210,-3.582105,0.174639
0.010000,23.083585,22.431222,40.650464,2.899488,1.959294,-3.591563,0.167302
0.010000,23.112382,22.435978,40.679651,2.918722,1.923375,-3.591905,0.160093
0.010000,23.141399,22.440557,40.709027,2.937597,1.887508,-3.586687,0.153011
0.010000,23.170631,22.444961,40.738588,2.956115,1.851780,-3.572844,0.146052
0.010000,23.200071,22.449188,40.768331,2.974277,1.816235,-3.554470,0.139213
0.010000,23.229717,22.453240,40.798252,2.992086,1.780940,-3.529481,0.132494
0.010000,23.259561,22.457117,40.828348,3.009546,1.745932,-3.500879,0.125891
0.010000,23.289601,22.460820,40.858614,3.026658,1.711261,-3.467080,0.119402
0.010000,23.319830,22.464348,40.889048,3.043428,1.676969,-3.429208,0.113025
0.010000,23.350244,22.467704,40.919647,3.059859,1.643076,-3.389256,0.106757
0.010000,23.380838,22.470887,40.950407,3.075955,1.609628,-3.344769,0.100597
0.010000,23.411608,22.473898,40.981324,3.091721,1.576635,-3.299332,0.094542
0.010000,23.442550,22.476739,41.012395,3.107163,1.544136,-3.249931,0.088590
0.010000,23.473658,22.479410,41.043618,3.122284,1.512129,-3.200709,0.082738
0.010000,23.504929,22.481912,41.074989,3.137090,1.480652,-3.147647,0.076986
0.010000,23.536358,22.484247,41.106505,3.151587,1.449698,-3.095444,0.071330
0.010000,23.567942,22.486415,41.138163,3.165780,1.419292,-3.040536,0.065768
0.010000,23.599675,22.488418,41.169960,3.179675,1.389432,-2.986046,0.060299
0.010000,23.631555,22.490256,41.201892,3.193276,1.360133,-2.929849,0.054921
0.010000,23.663577,22.491931,41.233958,3.206590,1.331385,-2.874846,0.049632
0.010000,23.695738,22.493445,41.266154,3.219622,1.303211,-2.817411,0.044429
0.010000,23.728033,22.494798,41.298478,3.232378,1.275594,-2.761699,0.039312
0.010000,23.760460,22.495991,41.330927,3.244863,1.248536,-2.705762,0.034278
0.010000,23.793014,22.497026,41.363498,3.257084,1.222050,-2.648584,0.029325
0.010000,23.825693,22.497905,41.396188,3.269045,1.196109,-2.594112,0.024452
0.010000,23.858493,22.498628,41.428996,3.280752,1.170731,-2.537814,0.019657
0.010000,23.891410,22.499197,41.461918,3.292211,1.145900,-2.483111,0.014938
0.010000,23.924441,22.499614,41.494952,3.303427,1.121612,-2.428839,0.010295
0.010000,23.957584,22.499879,41.528096,3.314406,1.097861,-2.375070,0.005724
0.010000,23.990836,22.499994,41.561348,3.325152,1.074641,-2.322007,0.001225
0.010000,24.017980,22.499935,41.588492,2.714392,-61.076049,-6215.069008,6.275866
0.010000,24.042412,22.499630,41.612926,2.443462,-27.092980,3398.306872,6.265490
0.010000,24.066358,22.499079,41.636879,2.395245,-4.821723,2227.125754,6.254791
0.010000,24.089796,22.498285,41.660329,2.345066,-5.017865,-19.614250,6.243758
0.010000,24.112701,22.497252,41.683258,2.292854,-5.221241,-20.337543,6.232378
0.010000,24.135050,22.495985,41.705643,2.238536,-5.431738,-21.049715,6.220635
0.010000,24.156820,22.494491,41.727464,2.182045,-5.649149,-21.741095,6.208515
0.010000,24.177983,22.492776,41.748697,2.123313,-5.873157,-22.400792,6.196004
0.010000,24.198516,22.490849,41.769320,2.062280,-6.103312,-23.015483,6.183086
0.010000,24.218391,22.488720,41.789308,1.998890,-6.339009,-23.569772,6.169745
0.010000,24.237583,22.486401,41.808639,1.933095,-6.579465,-24.045587,6.155966
0.010000,24.256063,22.483905,41.827288,1.864859,-6.823684,-24.421887,6.141732
0.010000,24.273800,22.481248,41.845222,1.793416,-7.144251,-32.056726,6.127032
0.010000,24.290746,22.478449,41.862398,1.717626,-7.578993,-43.474116,6.111870
0.010000,24.306858,22.475534,41.878772,1.637336,-8.029021,-45.002863,6.096255
0.010000,24.322095,22.472527,41.894302,1.553067,-8.426889,-39.786738,6.080200
0.010000,24.336423,22.469456,41.908956,1.465395,-8.767192,-34.030346,6.063721
0.010000,24.349823,22.466350,41.922712,1.375522,-8.987361,-22.016878,6.046835
0.010000,24.362289,22.463235,41.935561,1.284940,-9.058181,-7.082034,6.029543
0.010000,24.373824,22.460138,41.947505,1.194363,-9.057666,0.051492,6.011846
0.010000,24.384434,22.457084,41.958545,1.104029,-9.033367,2.429973,5.993746
0.010000,24.394128,22.454101,41.968687,1.014200,-8.982946,5.042008,5.975246
0.010000,24.402918,22.451216,41.977938,0.925159,-8.904122,7.882398,5.956352
0.010000,24.410821,22.448453,41.986311,0.837211,-8.794722,10.940019,5.937070
0.010000,24.417858,22.445839,41.993817,0.750684,-8.652748,14.197421,5.917411
0.010000,24.424053,22.443396,42.000477,0.665920,-8.476446,17.630167,5.897385
0.010000,24.429435,22.441148,42.006309,0.583276,-8.264384,21.206279,5.877008
0.010000,24.434036,22.439114,42.011341,0.503120,-8.015521,24.886251,5.856295
0.010000,24.437894,22.437311,42.015599,0.425828,-7.729289,28.623163,5.835266
0.010000,24.441049,22.435755,42.019117,0.351771,-7.405659,32.363009,5.813942
0.010000,24.443545,22.434457,42.021930,0.281319,-7.045201,36.045874,5.792347
0.010000,24.445429,22.433425,42.024078,0.214828,-6.649131,39.607015,5.770508
0.010000,24.446751,22.432663,42.025604,0.152634,-6.219344,42.978683,5.748454
0.010000,24.447564,22.432170,42.026555,0.095050,-5.758422,46.092203,5.726214
0.010000,24.447922,22.431943,42.026978,0.042354,-5.269617,48.880436,5.703823
0.010000,24.447879,22.431973,42.027031,0.005215,-3.713858,155.575927,5.681313
0.010000,24.447491,22.432246,42.027505,0.047460,4.224443,793.830120,5.658720
0.010000,24.446814,22.432747,42.028348,0.084236,3.677583,-54.686023,5.636082
0.010000,24.445901,22.433454,42.029502,0.115449,3.121380,-55.620321,5.613434
0.010000,24.444805,22.434342,42.030913,0.141064,2.561439,-55.994067,5.590814
0.010000,24.443577,22.435385,42.032524,0.161098,2.003416,-55.802324,5.568260
0.010000,24.442264,22.436551,42.034280,0.175627,1.452923,-55.049287,5.545808
0.010000,24.440910,22.437809,42.036128,0.184781,0.915390,-53.753290,5.523494
0.010000,24.439556,22.439124,42.038015,0.188740,0.395930,-51.946048,5.501353
0.010000,24.438239,22.440461,42.039892,0.187732,-0.100782,-49.671187,5.479417
0.010000,24.436990,22.441785,42.041713,0.182026,-0.570605,-46.982307,5.457719
0.010000,24.435837,22.443061,42.043432,0.171926,-1.010012,-43.940650,5.436287
0.010000,24.434805,22.444254,42.045010,0.157765,-1.416138,-40.612580,5.415148
0.010000,24.433911,22.445331,42.046409,0.139897,-1.786808,-37.067010,5.394327
0.010000,24.433173,22.446259,42.047596,0.118691,-2.120537,-33.372949,5.373847
0.010000,24.432599,22.447011,42.048541,0.094526,-2.416510,-29.597255,5.353727
0.010000,24.432199,22.447558,42.049219,0.067781,-2.674537,-25.802730,5.333984
0.010000,24.431975,22.447875,42.049607,0.038831,-2.895003,-22.046581,5.314633
0.010000,24.431930,22.447942,42.049687,0.008043,-3.078788,-18.378463,5.295686
0.010000,24.432061,22.447738,42.049930,0.024230,1.618648,469.743581,5.277154
0.010000,24.432365,22.447248,42.050506,0.057650,3.342018,172.336997,5.259043
0.010000,24.432835,22.446458,42.051425,0.091901,3.425080,8.306133,5.241360
0.010000,24.433464,22.445359,42.052692,0.126686,3.478585,5.350563,5.224107
0.010000,24.434244,22.443942,42.054309,0.161735,3.504836,2.625061,5.207288
0.010000,24.435164,22.442202,42.056277,0.196797,3.506207,0.137088,5.190901
0.010000,24.436214,22.440137,42.058594,0.231648,3.485095,-2.111139,5.174945
0.010000,24.437382,22.437747,42.061255,0.266087,3.443876,-4.121961,5.159418
0.010000,24.438658,22.435032,42.064254,0.299935,3.384861,-5.901495,5.144316
0.010000,24.440029,22.431997,42.067584,0.333038,3.310273,-7.458800,5.129633
0.010000,24.441485,22.428647,42.071237,0.365260,3.222220,-8.805268,5.115364
0.010000,24.443014,22.424989,42.075202,0.396487,3.122682,-9.953818,5.101503
0.010000,24.444606,22.421031,42.079468,0.426622,3.013496,-10.918545,5.088041
0.010000,24.446249,22.416782,42.084024,0.455585,2.896357,-11.713964,5.074971
0.010000,24.447934,22.412252,42.088857,0.483314,2.772808,-12.354930,5.062285
0.010000,24.449652,22.407452,42.093955,0.509756,2.644248,-12.855998,5.049975
0.010000,24.451393,22.402395,42.099303,0.534875,2.511933,-13.231415,5.038031
0.010000,24.453149,22.397092,42.104890,0.558645,2.376986,-13.494741,5.026444
0.010000,24.454912,22.391555,42.110700,0.581049,2.240397,-13.658939,5.015206
0.010000,24.456676,22.385798,42.116721,0.602080,2.103037,-13.735977,5.004307
0.010000,24.458433,22.379835,42.122938,0.621736,1.965666,-13.737064,4.993738
0.010000,24.460179,22.373677,42.129339,0.640026,1.828941,-13.672472,4.983490
0.010000,24.461906,22.367339,42.135908,0.656960,1.693426,-13.551559,4.973554
0.010000,24.463611,22.360833,42.142634,0.672556,1.559598,-13.382819,4.963921
0.010000,24.465289,22.354172,42.149502,0.686834,1.427859,-13.173884,4.954582
0.010000,24.466937,22.347371,42.156500,0.699820,1.298543,-12.931585,4.945528
0.010000,24.468550,22.340441,42.163616,0.711539,1.171922,-12.662057,4.936752
0.010000,24.470126,22.333395,42.170836,0.722021,1.048217,-12.370577,4.928245
0.010000,24.471663,22.326245,42.178149,0.731297,0.927596,-12.062032,4.919998
0.010000,24.473158,22.319004,42.185543,0.739399,0.810192,-11.740404,4.912005
0.010000,24.474609,22.311683,42.193007,0.746360,0.696098,-11.409451,4.904257
0.010000,24.476016,22.304293,42.200529,0.752214,0.585375,-11.072237,4.896746
0.010000,24.477376,22.296847,42.208099,0.756994,0.478062,-10.731382,4.889467
0.010000,24.478690,22.289353,42.215706,0.760736,0.374168,-10.389406,4.882412
0.010000,24.479955,22.281824,42.223341,0.763473,0.273688,-10.047960,4.875574
0.010000,24.481174,22.274270,42.230993,0.765239,0.176598,-9.709004,4.868947
0.010000,24.482344,22.266699,42.238654,0.766068,0.082860,-9.373749,4.862524
0.010000,24.483466,22.259121,42.246314,0.765992,-0.007572,-9.043247,4.856300
0.010000,24.484540,22.251547,42.253964,0.765044,-0.094759,-8.718737,4.850268
0.010000,24.485567,22.243984,42.261597,0.763257,-0.178766,-8.400629,4.844424
0.010000,24.486547,22.236440,42.269203,0.760660,-0.259663,-8.089738,4.838761
0.010000,24.487480,22.228925,42.276776,0.757285,-0.337527,-7.786420,4.833275
0.010000,24.488369,22.221446,42.284308,0.753160,-0.412439,-7.491117,4.827960
0.010000,24.489212,22.214011,42.291791,0.748316,-0.484477,-7.203808,4.822812
0.010000,24.490012,22.206626,42.299219,0.742778,-0.553727,-6.925028,4.817826
0.010000,24.490770,22.199300,42.306584,0.736576,-0.620272,-6.654505,4.812998
0.010000,24.491486,22.192037,42.313882,0.729734,-0.684196,-6.392405,4.808323
0.010000,24.492161,22.184846,42.321105,0.722278,-0.745583,-6.138717,4.803798
0.010000,24.492798,22.177732,42.328247,0.714233,-0.804516,-5.893248,4.799418
0.010000,24.493396,22.170702,42.335303,0.705622,-0.861075,-5.655952,4.795179
0.010000,24.493958,22.163760,42.342268,0.696468,-0.915342,-5.426665,4.791078
0.010000,24.494484,22.156912,42.349136,0.686795,-0.967394,-5.205193,4.787112
0.010000,24.494976,22.150164,42.355902,0.676621,-1.017307,-4.991322,4.783277
0.010000,24.495435,22.143520,42.362562,0.665970,-1.065156,-4.784937,4.779570
0.010000,24.495863,22.136985,42.369110,0.654860,-1.111013,-4.585666,4.775988
0.010000,24.496261,22.130564,42.375543,0.643310,-1.154947,-4.393399,4.772528
0.010000,24.496630,22.124262,42.381857,0.631340,-1.197026,-4.207863,4.769188
0.010000,24.496971,22.118081,42.388046,0.618967,-1.237314,-4.028861,4.765963
0.010000,24.497286,22.112028,42.394109,0.606208,-1.275874,-3.855958,4.762853
0.010000,24.497577,22.106104,42.400039,0.593080,-1.312767,-3.689276,4.759854
0.010000,24.497843,22.100314,42.405835,0.579600,-1.348048,-3.528146,4.756965
0.010000,24.498088,22.094661,42.411493,0.565782,-1.381776,-3.372759,4.754182
0.010000,24.498311,22.089150,42.417010,0.551642,-1.414000,-3.222470,4.751504
0.010000,24.498514,22.083781,42.422382,0.537195,-1.444774,-3.077412,4.748928
0.010000,24.498698,22.078560,42.427606,0.522453,-1.474145,-2.937055,4.746454
0.010000,24.498865,22.073489,42.432680,0.507431,-1.502159,-2.801437,4.744078
0.010000,24.499015,22.068569,42.437602,0.492143,-1.528861,-2.670158,4.741799
0.010000,24.499150,22.063805,42.442368,0.476600,-1.554292,-2.543116,4.739616
0.010000,24.499271,22.059199,42.446976,0.460815,-1.578492,-2.420036,4.737526
0.010000,24.499378,22.054752,42.451424,0.444800,-1.601499,-2.300696,4.735529
0.010000,24.499473,22.050468,42.455710,0.428567,-1.623351,-2.185141,4.733622
0.010000,24.499557,22.046347,42.459831,0.412126,-1.644078,-2.072707,4.731805
0.010000,24.499630,22.042393,42.463786,0.395489,-1.663716,-1.963811,4.730076
0.010000,24.499694,22.038607,42.467572,0.378666,-1.682293,-1.857739,4.728434
0.010000,24.499749,22.034991,42.471189,0.361667,-1.699840,-1.754632,4.726878
0.010000,24.499797,22.031546,42.474634,0.344503,-1.716382,-1.654240,4.725406
0.010000,24.499837,22.028274,42.477906,0.327184,-1.731947,-1.556475,4.724017
0.010000,24.499871,22.025177,42.481003,0.309718,-1.746556,-1.460867,4.722711
0.010000,24.499899,22.022256,42.483924,0.292116,-1.760233,-1.367790,4.721487
0.010000,24.499923,22.019512,42.486668,0.274386,-1.773000,-1.276608,4.720344
0.010000,24.499942,22.016947,42.489234,0.256537,-1.784874,-1.187487,4.719281
0.010000,24.499957,22.014561,42.491619,0.238579,-1.795875,-1.100077,4.718297
0.010000,24.499969,22.012356,42.493825,0.220518,-1.806020,-1.014437,4.717391
0.010000,24.499979,22.010333,42.495848,0.202365,-1.815322,-0.930267,4.716564
0.010000,24.499986,22.008491,42.497689,0.184127,-1.823798,-0.847532,4.715814
0.010000,24.499991,22.006833,42.499348,0.165813,-1.831458,-0.766073,4.715140
0.010000,24.499994,22.005359,42.500822,0.147429,-1.838316,-0.685728,4.714544
0.010000,24.499997,22.004069,42.502112,0.128986,-1.844381,-0.606565,4.714023
0.010000,24.499998,22.002964,42.503217,0.110489,-1.849662,-0.528077,4.713578
0.010000,24.499999,22.002045,42.504136,0.091947,-1.854167,-0.450544,4.713208
0.010000,24.500000,22.001311,42.504870,0.073368,-1.857904,-0.373703,4.712914
0.010000,24.500000,22.000763,42.505417,0.054760,-1.860877,-0.297275,4.712695
0.010000,24.500000,22.000392,42.505789,0.037178,-1.758142,10.273565,4.712546
0.010000,24.500000,22.000167,42.506014,0.022498,-1.468049,29.009253,4.712456
0.010000,24.500000,22.000051,42.506130,0.011541,-1.095648,37.240118,4.712409
0.010000,24.500000,22.000008,42.506173,0.004313,-0.722795,37.285314,4.712392
0.010000,24.500000,22.000000,42.506181,0.000816,-0.349732,37.306288,4.712389
0.010000,24.500000,22.000000,42.506181,0.000000,-0.081587,26.814471,4.712389
